"ray/tune/custom_metrics/real_step_mean","oracle_noise: honest-bee-2883 - _step","oracle_noise: honest-bee-2883 - _step__MIN","oracle_noise: honest-bee-2883 - _step__MAX","oracle_noise: honest-bee-2883 - ray/tune/custom_metrics/energy_cost_mean","oracle_noise: honest-bee-2883 - ray/tune/custom_metrics/energy_cost_mean__MIN","oracle_noise: honest-bee-2883 - ray/tune/custom_metrics/energy_cost_mean__MAX","oracle_noise: 20 - _step","oracle_noise: 20 - _step__MIN","oracle_noise: 20 - _step__MAX","oracle_noise: 20 - ray/tune/custom_metrics/energy_cost_mean","oracle_noise: 20 - ray/tune/custom_metrics/energy_cost_mean__MIN","oracle_noise: 20 - ray/tune/custom_metrics/energy_cost_mean__MAX"
"8.869999885559082","","","","","","","0","0","0","116.46755981445312","116.46755981445312","116.46755981445312"
"26.68000030517578","","","","","","","1","1","1","120.96694946289062","120.96694946289062","120.96694946289062"
"42.41999816894531","","","","","","","2","2","2","124.84161376953125","124.84161376953125","124.84161376953125"
"50.494998931884766","0","0","0","113.8876953125","113.8876953125","113.8876953125","","","","","",""
"54.41999816894531","","","","","","","3","3","3","119.97955322265625","119.97955322265625","119.97955322265625"
"74.0999984741211","","","","","","","4","4","4","111.83766174316406","111.83766174316406","111.83766174316406"
"96.41000366210938","","","","","","","5","5","5","115.44263458251953","115.44263458251953","115.44263458251953"
"116.2699966430664","","","","","","","6","6","6","107.59801483154297","107.59801483154297","107.59801483154297"
"138.85000610351562","","","","","","","7","7","7","114.78946685791016","114.78946685791016","114.78946685791016"
"150.5","1","1","1","113.84866333007812","113.84866333007812","113.84866333007812","","","","","",""
"162.61000061035156","","","","","","","8","8","8","110.60980987548828","110.60980987548828","110.60980987548828"
"194.60000610351562","","","","","","","9","9","9","102.7838363647461","102.7838363647461","102.7838363647461"
"224.02000427246094","","","","","","","10","10","10","105.15082550048828","105.15082550048828","105.15082550048828"
"247.32000732421875","","","","","","","11","11","11","113.29251861572266","113.29251861572266","113.29251861572266"
"250.5","2","2","2","110.34724426269531","110.34724426269531","110.34724426269531","","","","","",""
"274.4800109863281","","","","","","","12","12","12","112.78814697265625","112.78814697265625","112.78814697265625"
"297.67999267578125","","","","","","","13","13","13","114.76859283447266","114.76859283447266","114.76859283447266"
"327.30999755859375","","","","","","","14","14","14","106.8312759399414","106.8312759399414","106.8312759399414"
"350.5","3","3","3","110.70216369628906","110.70216369628906","110.70216369628906","","","","","",""
"354.9100036621094","","","","","","","15","15","15","103.08074188232422","103.08074188232422","103.08074188232422"
"382.4200134277344","","","","","","","16","16","16","106.568359375","106.568359375","106.568359375"
"410.1199951171875","","","","","","","17","17","17","108.80903625488281","108.80903625488281","108.80903625488281"
"439","","","","","","","18","18","18","104.93525695800781","104.93525695800781","104.93525695800781"
"450.5","4","4","4","110.78678131103516","110.78678131103516","110.78678131103516","","","","","",""
"464.6600036621094","","","","","","","19","19","19","105.80558013916016","105.80558013916016","105.80558013916016"
"488.6300048828125","","","","","","","20","20","20","109.9973373413086","109.9973373413086","109.9973373413086"
"512.5700073242188","","","","","","","21","21","21","106.66670227050781","106.66670227050781","106.66670227050781"
"543.3699951171875","","","","","","","22","22","22","98.96858978271484","98.96858978271484","98.96858978271484"
"550.5","5","5","5","108.88728332519531","108.88728332519531","108.88728332519531","","","","","",""
"573.4500122070312","","","","","","","23","23","23","104.4029541015625","104.4029541015625","104.4029541015625"
"599.5900268554688","","","","","","","24","24","24","101.1321029663086","101.1321029663086","101.1321029663086"
"618.6199951171875","","","","","","","25","25","25","107.08563232421875","107.08563232421875","107.08563232421875"
"639.9000244140625","","","","","","","26","26","26","108.93685913085938","108.93685913085938","108.93685913085938"
"650.5","6","6","6","104.88253021240234","104.88253021240234","104.88253021240234","","","","","",""
"663.75","","","","","","","27","27","27","107.78591918945312","107.78591918945312","107.78591918945312"
"692.1099853515625","","","","","","","28","28","28","101.91150665283203","101.91150665283203","101.91150665283203"
"715.6099853515625","","","","","","","29","29","29","94.40316772460938","94.40316772460938","94.40316772460938"
"750.4299926757812","","","","","","","30","30","30","99.33688354492188","99.33688354492188","99.33688354492188"
"750.5","7","7","7","105.97489166259766","105.97489166259766","105.97489166259766","","","","","",""
"780.7999877929688","","","","","","","31","31","31","96.45603942871094","96.45603942871094","96.45603942871094"
"816.5499877929688","","","","","","","32","32","32","102.25320434570312","102.25320434570312","102.25320434570312"
"848.6400146484375","","","","","","","33","33","33","100.95709991455078","100.95709991455078","100.95709991455078"
"850.5","8","8","8","120.84848022460938","120.84848022460938","120.84848022460938","","","","","",""
"881.1699829101562","","","","","","","34","34","34","95.31430053710938","95.31430053710938","95.31430053710938"
"917.489990234375","","","","","","","35","35","35","97.74955749511719","97.74955749511719","97.74955749511719"
"943.469970703125","","","","","","","36","36","36","105.59420013427734","105.59420013427734","105.59420013427734"
"950.5","9","9","9","111.89370727539062","111.89370727539062","111.89370727539062","","","","","",""
"971.3200073242188","","","","","","","37","37","37","95.99359893798828","95.99359893798828","95.99359893798828"
"1004.4299926757812","","","","","","","38","38","38","103.44927215576172","103.44927215576172","103.44927215576172"
"1038.1400146484375","","","","","","","39","39","39","97.49454498291016","97.49454498291016","97.49454498291016"
"1050.5","10","10","10","109.6536636352539","109.6536636352539","109.6536636352539","","","","","",""
"1070.3900146484375","","","","","","","40","40","40","96.33189392089844","96.33189392089844","96.33189392089844"
"1102.6400146484375","","","","","","","41","41","41","95.11961364746094","95.11961364746094","95.11961364746094"
"1142.3299560546875","","","","","","","42","42","42","96.83577728271484","96.83577728271484","96.83577728271484"
"1150.5","11","11","11","109.36640930175781","109.36640930175781","109.36640930175781","","","","","",""
"1175.3199462890625","","","","","","","43","43","43","103.27464294433594","103.27464294433594","103.27464294433594"
"1208.1199951171875","","","","","","","44","44","44","94.29957580566406","94.29957580566406","94.29957580566406"
"1244.0699462890625","","","","","","","45","45","45","91.08013153076172","91.08013153076172","91.08013153076172"
"1250.5","12","12","12","103.52923583984375","103.52923583984375","103.52923583984375","","","","","",""
"1273.6300048828125","","","","","","","46","46","46","94.67709350585938","94.67709350585938","94.67709350585938"
"1307.6600341796875","","","","","","","47","47","47","95.53593444824219","95.53593444824219","95.53593444824219"
"1337.699951171875","","","","","","","48","48","48","97.37899780273438","97.37899780273438","97.37899780273438"
"1350.5","13","13","13","104.88167572021484","104.88167572021484","104.88167572021484","","","","","",""
"1371.47998046875","","","","","","","49","49","49","95.45972442626953","95.45972442626953","95.45972442626953"
"1404.739990234375","","","","","","","50","50","50","92.53973388671875","92.53973388671875","92.53973388671875"
"1440.4300537109375","","","","","","","51","51","51","88.06962585449219","88.06962585449219","88.06962585449219"
"1450.5","14","14","14","111.61812591552734","111.61812591552734","111.61812591552734","","","","","",""
"1482.5799560546875","","","","","","","52","52","52","94.11665344238281","94.11665344238281","94.11665344238281"
"1517.75","","","","","","","53","53","53","89.09947204589844","89.09947204589844","89.09947204589844"
"1550.5","15","15","15","102.0263442993164","102.0263442993164","102.0263442993164","","","","","",""
"1553.260009765625","","","","","","","54","54","54","91.04036712646484","91.04036712646484","91.04036712646484"
"1590.449951171875","","","","","","","55","55","55","94.43830108642578","94.43830108642578","94.43830108642578"
"1621.469970703125","","","","","","","56","56","56","92.23310852050781","92.23310852050781","92.23310852050781"
"1650.5","16","16","16","106.12540435791016","106.12540435791016","106.12540435791016","","","","","",""
"1660.81005859375","","","","","","","57","57","57","89.01591491699219","89.01591491699219","89.01591491699219"
"1702.1800537109375","","","","","","","58","58","58","89.08511352539062","89.08511352539062","89.08511352539062"
"1744.530029296875","","","","","","","59","59","59","91.28195190429688","91.28195190429688","91.28195190429688"
"1750.5","17","17","17","100.9277572631836","100.9277572631836","100.9277572631836","","","","","",""
"1783.52001953125","","","","","","","60","60","60","88.55266571044922","88.55266571044922","88.55266571044922"
"1826.1600341796875","","","","","","","61","61","61","87.80598449707031","87.80598449707031","87.80598449707031"
"1850.5","18","18","18","105.79425811767578","105.79425811767578","105.79425811767578","","","","","",""
"1874.8299560546875","","","","","","","62","62","62","84.30615234375","84.30615234375","84.30615234375"
"1918.47998046875","","","","","","","63","63","63","89.67887115478516","89.67887115478516","89.67887115478516"
"1950.5","19","19","19","103.94441986083984","103.94441986083984","103.94441986083984","","","","","",""
"1963.6099853515625","","","","","","","64","64","64","89.02706146240234","89.02706146240234","89.02706146240234"
"2008.800048828125","","","","","","","65","65","65","84.14181518554688","84.14181518554688","84.14181518554688"
"2050.5","20","20","20","99.72634887695312","99.72634887695312","99.72634887695312","","","","","",""
"2051.64990234375","","","","","","","66","66","66","87.92401885986328","87.92401885986328","87.92401885986328"
"2090.530029296875","","","","","","","67","67","67","87.81624603271484","87.81624603271484","87.81624603271484"
"2127.330078125","","","","","","","68","68","68","90.91022491455078","90.91022491455078","90.91022491455078"
"2150.5","21","21","21","95.35587310791016","95.35587310791016","95.35587310791016","","","","","",""
"2162.570068359375","","","","","","","69","69","69","86.32415771484375","86.32415771484375","86.32415771484375"
"2204.159912109375","","","","","","","70","70","70","85.58258819580078","85.58258819580078","85.58258819580078"
"2240.7900390625","","","","","","","71","71","71","87.26113891601562","87.26113891601562","87.26113891601562"
"2250.5","22","22","22","100.82213592529297","100.82213592529297","100.82213592529297","","","","","",""
"2287.610107421875","","","","","","","72","72","72","83.1347885131836","83.1347885131836","83.1347885131836"
"2330.719970703125","","","","","","","73","73","73","84.85018920898438","84.85018920898438","84.85018920898438"
"2350.5","23","23","23","104.88750457763672","104.88750457763672","104.88750457763672","","","","","",""
"2371.969970703125","","","","","","","74","74","74","84.3855972290039","84.3855972290039","84.3855972290039"
"2409.669921875","","","","","","","75","75","75","88.32666778564453","88.32666778564453","88.32666778564453"
"2450.5","24","24","24","106.1396484375","106.1396484375","106.1396484375","","","","","",""
"2455.070068359375","","","","","","","76","76","76","83.64818572998047","83.64818572998047","83.64818572998047"
"2496.820068359375","","","","","","","77","77","77","85.82913970947266","85.82913970947266","85.82913970947266"
"2537.580078125","","","","","","","78","78","78","86.85934448242188","86.85934448242188","86.85934448242188"
"2550.5","25","25","25","98.38632202148438","98.38632202148438","98.38632202148438","","","","","",""
"2580.18994140625","","","","","","","79","79","79","85.33761596679688","85.33761596679688","85.33761596679688"
"2619.989990234375","","","","","","","80","80","80","84.73033142089844","84.73033142089844","84.73033142089844"
"2650.5","26","26","26","96.47528839111328","96.47528839111328","96.47528839111328","","","","","",""
"2661.89990234375","","","","","","","81","81","81","85.78851318359375","85.78851318359375","85.78851318359375"
"2703.679931640625","","","","","","","82","82","82","83.64409637451172","83.64409637451172","83.64409637451172"
"2745.080078125","","","","","","","83","83","83","84.81737518310547","84.81737518310547","84.81737518310547"
"2750.5","27","27","27","102.84983825683594","102.84983825683594","102.84983825683594","","","","","",""
"2799.43994140625","","","","","","","84","84","84","79.86660766601562","79.86660766601562","79.86660766601562"
"2850.5","28","28","28","97.3595199584961","97.3595199584961","97.3595199584961","","","","","",""
"2852.18994140625","","","","","","","85","85","85","82.14189910888672","82.14189910888672","82.14189910888672"
"2890.159912109375","","","","","","","86","86","86","85.68856811523438","85.68856811523438","85.68856811523438"
"2939.050048828125","","","","","","","87","87","87","79.78108215332031","79.78108215332031","79.78108215332031"
"2950.5","29","29","29","89.51185607910156","89.51185607910156","89.51185607910156","","","","","",""
"2986.300048828125","","","","","","","88","88","88","84.5841064453125","84.5841064453125","84.5841064453125"
"3031.570068359375","","","","","","","89","89","89","83.07535552978516","83.07535552978516","83.07535552978516"
"3050.5","30","30","30","101.05657958984375","101.05657958984375","101.05657958984375","","","","","",""
"3077.64990234375","","","","","","","90","90","90","81.11859130859375","81.11859130859375","81.11859130859375"
"3121.81005859375","","","","","","","91","91","91","82.48745727539062","82.48745727539062","82.48745727539062"
"3150.5","31","31","31","96.20863342285156","96.20863342285156","96.20863342285156","","","","","",""
"3162.56005859375","","","","","","","92","92","92","80.93795776367188","80.93795776367188","80.93795776367188"
"3203.699951171875","","","","","","","93","93","93","82.22286987304688","82.22286987304688","82.22286987304688"
"3250.5","32","32","32","101.64610290527344","101.64610290527344","101.64610290527344","","","","","",""
"3252.93994140625","","","","","","","94","94","94","79.38067626953125","79.38067626953125","79.38067626953125"
"3300.5","","","","","","","95","95","95","78.5091781616211","78.5091781616211","78.5091781616211"
"3343.39990234375","","","","","","","96","96","96","81.71405029296875","81.71405029296875","81.71405029296875"
"3350.5","33","33","33","95.61910247802734","95.61910247802734","95.61910247802734","","","","","",""
"3391.679931640625","","","","","","","97","97","97","80.86614227294922","80.86614227294922","80.86614227294922"
"3439.22998046875","","","","","","","98","98","98","79.05303955078125","79.05303955078125","79.05303955078125"
"3450.5","34","34","34","93.64175415039062","93.64175415039062","93.64175415039062","","","","","",""
"3493.22998046875","","","","","","","99","99","99","79.63335418701172","79.63335418701172","79.63335418701172"
"3550.5","35","35","35","94.5589599609375","94.5589599609375","94.5589599609375","","","","","",""
"3551.330078125","","","","","","","100","100","100","81.00293731689453","81.00293731689453","81.00293731689453"
"3600.6201171875","","","","","","","101","101","101","77.85676574707031","77.85676574707031","77.85676574707031"
"3650.5","36","36","36","95.31427764892578","95.31427764892578","95.31427764892578","","","","","",""
"3652.139892578125","","","","","","","102","102","102","79.81378173828125","79.81378173828125","79.81378173828125"
"3704.949951171875","","","","","","","103","103","103","77.58432006835938","77.58432006835938","77.58432006835938"
"3750.5","37","37","37","97.84664916992188","97.84664916992188","97.84664916992188","","","","","",""
"3764.340087890625","","","","","","","104","104","104","78.07565307617188","78.07565307617188","78.07565307617188"
"3818.030029296875","","","","","","","105","105","105","77.6925048828125","77.6925048828125","77.6925048828125"
"3850.5","38","38","38","95.67284393310547","95.67284393310547","95.67284393310547","","","","","",""
"3876.090087890625","","","","","","","106","106","106","77.09175872802734","77.09175872802734","77.09175872802734"
"3920.31005859375","","","","","","","107","107","107","79.27007293701172","79.27007293701172","79.27007293701172"
"3950.5","39","39","39","94.89888763427734","94.89888763427734","94.89888763427734","","","","","",""
"3972.5","","","","","","","108","108","108","78.0584487915039","78.0584487915039","78.0584487915039"
"4025.7900390625","","","","","","","109","109","109","78.22021484375","78.22021484375","78.22021484375"
"4050.5","40","40","40","90.59429168701172","90.59429168701172","90.59429168701172","","","","","",""
"4086.47998046875","","","","","","","110","110","110","75.73458099365234","75.73458099365234","75.73458099365234"
"4140.64990234375","","","","","","","111","111","111","76.47562408447266","76.47562408447266","76.47562408447266"
"4150.5","41","41","41","93.38751220703125","93.38751220703125","93.38751220703125","","","","","",""
"4201.240234375","","","","","","","112","112","112","72.37843322753906","72.37843322753906","72.37843322753906"
"4250.5","42","42","42","92.79917907714844","92.79917907714844","92.79917907714844","","","","","",""
"4269.43017578125","","","","","","","113","113","113","75.3426284790039","75.3426284790039","75.3426284790039"
"4333.52001953125","","","","","","","114","114","114","72.66698455810547","72.66698455810547","72.66698455810547"
"4350.5","43","43","43","90.24855041503906","90.24855041503906","90.24855041503906","","","","","",""
"4396.7001953125","","","","","","","115","115","115","73.74671173095703","73.74671173095703","73.74671173095703"
"4450.5","44","44","44","95.32424926757812","95.32424926757812","95.32424926757812","","","","","",""
"4454.43994140625","","","","","","","116","116","116","76.70255279541016","76.70255279541016","76.70255279541016"
"4514.89990234375","","","","","","","117","117","117","74.31524658203125","74.31524658203125","74.31524658203125"
"4550.5","45","45","45","92.1324462890625","92.1324462890625","92.1324462890625","","","","","",""
"4579.08984375","","","","","","","118","118","118","74.33665466308594","74.33665466308594","74.33665466308594"
"4634.72021484375","","","","","","","119","119","119","75.94342803955078","75.94342803955078","75.94342803955078"
"4650.5","46","46","46","89.08901977539062","89.08901977539062","89.08901977539062","","","","","",""
"4698.490234375","","","","","","","120","120","120","75.59500885009766","75.59500885009766","75.59500885009766"
"4750.5","47","47","47","91.27278137207031","91.27278137207031","91.27278137207031","","","","","",""
"4757.93017578125","","","","","","","121","121","121","73.73828887939453","73.73828887939453","73.73828887939453"
"4824.990234375","","","","","","","122","122","122","74.64998626708984","74.64998626708984","74.64998626708984"
"4850.5","48","48","48","87.17321014404297","87.17321014404297","87.17321014404297","","","","","",""
"4900.66015625","","","","","","","123","123","123","67.2140121459961","67.2140121459961","67.2140121459961"
"4950.5","49","49","49","90.42461395263672","90.42461395263672","90.42461395263672","","","","","",""
"4991.6201171875","","","","","","","124","124","124","64.62565612792969","64.62565612792969","64.62565612792969"
"5050.5","50","50","50","92.85565185546875","92.85565185546875","92.85565185546875","","","","","",""
"5085.830078125","","","","","","","125","125","125","66.12286376953125","66.12286376953125","66.12286376953125"
"5150.5","51","51","51","85.6362075805664","85.6362075805664","85.6362075805664","","","","","",""
"5173.919921875","","","","","","","126","126","126","66.92625427246094","66.92625427246094","66.92625427246094"
"5250.5","52","52","52","88.0047607421875","88.0047607421875","88.0047607421875","","","","","",""
"5258.52001953125","","","","","","","127","127","127","67.37152099609375","67.37152099609375","67.37152099609375"
"5345.97998046875","","","","","","","128","128","128","65.81327819824219","65.81327819824219","65.81327819824219"
"5350.5","53","53","53","89.6493911743164","89.6493911743164","89.6493911743164","","","","","",""
"5433.8798828125","","","","","","","129","129","129","67.34994506835938","67.34994506835938","67.34994506835938"
"5450.5","54","54","54","90.41079711914062","90.41079711914062","90.41079711914062","","","","","",""
"5516.81005859375","","","","","","","130","130","130","66.42396545410156","66.42396545410156","66.42396545410156"
"5550.5","55","55","55","88.28347778320312","88.28347778320312","88.28347778320312","","","","","",""
"5606.5","","","","","","","131","131","131","64.61296081542969","64.61296081542969","64.61296081542969"
"5650.5","56","56","56","85.59711456298828","85.59711456298828","85.59711456298828","","","","","",""
"5698.81982421875","","","","","","","132","132","132","64.90499114990234","64.90499114990234","64.90499114990234"
"5750.5","57","57","57","87.85069274902344","87.85069274902344","87.85069274902344","","","","","",""
"5789.8701171875","","","","","","","133","133","133","63.5652961730957","63.5652961730957","63.5652961730957"
"5850.5","58","58","58","85.85941314697266","85.85941314697266","85.85941314697266","","","","","",""
"5882.27978515625","","","","","","","134","134","134","63.04090881347656","63.04090881347656","63.04090881347656"
"5950.5","59","59","59","86.31927490234375","86.31927490234375","86.31927490234375","","","","","",""
"5974.75","","","","","","","135","135","135","64.00180053710938","64.00180053710938","64.00180053710938"
"6050.5","60","60","60","86.42904663085938","86.42904663085938","86.42904663085938","","","","","",""
"6067.41015625","","","","","","","136","136","136","62.195003509521484","62.195003509521484","62.195003509521484"
"6150.5","61","61","61","90.00548553466797","90.00548553466797","90.00548553466797","","","","","",""
"6164.52001953125","","","","","","","137","137","137","62.6263313293457","62.6263313293457","62.6263313293457"
"6250.5","62","62","62","79.94587707519531","79.94587707519531","79.94587707519531","","","","","",""
"6259.52001953125","","","","","","","138","138","138","62.89323043823242","62.89323043823242","62.89323043823242"
"6350.5","63","63","63","86.47541809082031","86.47541809082031","86.47541809082031","","","","","",""
"6354.990234375","","","","","","","139","139","139","62.43392562866211","62.43392562866211","62.43392562866211"
"6447.2099609375","","","","","","","140","140","140","62.743385314941406","62.743385314941406","62.743385314941406"
"6450.5","64","64","64","89.02982330322266","89.02982330322266","89.02982330322266","","","","","",""
"6542.6201171875","","","","","","","141","141","141","62.31976318359375","62.31976318359375","62.31976318359375"
"6550.5","65","65","65","87.18928527832031","87.18928527832031","87.18928527832031","","","","","",""
"6640.27001953125","","","","","","","142","142","142","61.83726119995117","61.83726119995117","61.83726119995117"
"6650.5","66","66","66","83.92245483398438","83.92245483398438","83.92245483398438","","","","","",""
"6737.8798828125","","","","","","","143","143","143","61.647342681884766","61.647342681884766","61.647342681884766"
"6750.5","67","67","67","82.31878662109375","82.31878662109375","82.31878662109375","","","","","",""
"6834.18017578125","","","","","","","144","144","144","61.8429069519043","61.8429069519043","61.8429069519043"
"6850.5","68","68","68","81.28197479248047","81.28197479248047","81.28197479248047","","","","","",""
"6926.64013671875","","","","","","","145","145","145","63.49211120605469","63.49211120605469","63.49211120605469"
"6950.5","69","69","69","83.19075775146484","83.19075775146484","83.19075775146484","","","","","",""
"7016.9501953125","","","","","","","146","146","146","62.734683990478516","62.734683990478516","62.734683990478516"
"7050.5","70","70","70","83.76615905761719","83.76615905761719","83.76615905761719","","","","","",""
"7106.58984375","","","","","","","147","147","147","63.74794006347656","63.74794006347656","63.74794006347656"
"7150.5","71","71","71","83.44383239746094","83.44383239746094","83.44383239746094","","","","","",""
"7197.27001953125","","","","","","","148","148","148","62.43048095703125","62.43048095703125","62.43048095703125"
"7250.5","72","72","72","78.60676574707031","78.60676574707031","78.60676574707031","","","","","",""
"7291.9599609375","","","","","","","149","149","149","61.96051788330078","61.96051788330078","61.96051788330078"
"7350.5","73","73","73","79.89240264892578","79.89240264892578","79.89240264892578","","","","","",""
"7389.3701171875","","","","","","","150","150","150","61.58689880371094","61.58689880371094","61.58689880371094"
"7450.5","74","74","74","84.62860107421875","84.62860107421875","84.62860107421875","","","","","",""
"7485.5400390625","","","","","","","151","151","151","61.87030029296875","61.87030029296875","61.87030029296875"
"7550.5","75","75","75","88.72676086425781","88.72676086425781","88.72676086425781","","","","","",""
"7582.02001953125","","","","","","","152","152","152","61.77763366699219","61.77763366699219","61.77763366699219"
"7650.5","76","76","76","82.21807098388672","82.21807098388672","82.21807098388672","","","","","",""
"7677.56982421875","","","","","","","153","153","153","62.67329025268555","62.67329025268555","62.67329025268555"
"7750.5","77","77","77","80.04534912109375","80.04534912109375","80.04534912109375","","","","","",""
"7770.0400390625","","","","","","","154","154","154","62.72394943237305","62.72394943237305","62.72394943237305"
"7850.5","78","78","78","79.44092559814453","79.44092559814453","79.44092559814453","","","","","",""
"7864.0400390625","","","","","","","155","155","155","61.745418548583984","61.745418548583984","61.745418548583984"
"7950.5","79","79","79","78.67855834960938","78.67855834960938","78.67855834960938","","","","","",""
"7959.72998046875","","","","","","","156","156","156","61.640106201171875","61.640106201171875","61.640106201171875"
"8050.5","80","80","80","79.66253662109375","79.66253662109375","79.66253662109375","","","","","",""
"8054.27001953125","","","","","","","157","157","157","62.8898811340332","62.8898811340332","62.8898811340332"
"8148.35009765625","","","","","","","158","158","158","61.9905891418457","61.9905891418457","61.9905891418457"
"8150.5","81","81","81","79.84746551513672","79.84746551513672","79.84746551513672","","","","","",""
"8241.6904296875","","","","","","","159","159","159","62.11167907714844","62.11167907714844","62.11167907714844"
"8250.5","82","82","82","81.51435852050781","81.51435852050781","81.51435852050781","","","","","",""
"8336.2900390625","","","","","","","160","160","160","61.58784866333008","61.58784866333008","61.58784866333008"
"8350.5","83","83","83","79.84288024902344","79.84288024902344","79.84288024902344","","","","","",""
"8433.1904296875","","","","","","","161","161","161","61.86037063598633","61.86037063598633","61.86037063598633"
"8450.5","84","84","84","85.72888946533203","85.72888946533203","85.72888946533203","","","","","",""
"8528.5400390625","","","","","","","162","162","162","61.93535614013672","61.93535614013672","61.93535614013672"
"8550.5","85","85","85","83.07056427001953","83.07056427001953","83.07056427001953","","","","","",""
"8624.1103515625","","","","","","","163","163","163","61.22053909301758","61.22053909301758","61.22053909301758"
"8650.5","86","86","86","77.5193862915039","77.5193862915039","77.5193862915039","","","","","",""
"8722.1103515625","","","","","","","164","164","164","62.11540603637695","62.11540603637695","62.11540603637695"
"8750.5","87","87","87","78.52152252197266","78.52152252197266","78.52152252197266","","","","","",""
"8816.8095703125","","","","","","","165","165","165","62.373287200927734","62.373287200927734","62.373287200927734"
"8850.5","88","88","88","78.86598205566406","78.86598205566406","78.86598205566406","","","","","",""
"8910.4501953125","","","","","","","166","166","166","61.31034469604492","61.31034469604492","61.31034469604492"
"8950.5","89","89","89","77.0663070678711","77.0663070678711","77.0663070678711","","","","","",""
"9005.2197265625","","","","","","","167","167","167","61.90357971191406","61.90357971191406","61.90357971191406"
"9050.5","90","90","90","77.8674087524414","77.8674087524414","77.8674087524414","","","","","",""
"9099.7099609375","","","","","","","168","168","168","62.056602478027344","62.056602478027344","62.056602478027344"
"9150.5","91","91","91","76.9525146484375","76.9525146484375","76.9525146484375","","","","","",""
"9194.330078125","","","","","","","169","169","169","61.24601364135742","61.24601364135742","61.24601364135742"
"9250.5","92","92","92","80.22454071044922","80.22454071044922","80.22454071044922","","","","","",""
"9290.599609375","","","","","","","170","170","170","62.80715560913086","62.80715560913086","62.80715560913086"
"9350.5","93","93","93","76.95594787597656","76.95594787597656","76.95594787597656","","","","","",""
"9384.66015625","","","","","","","171","171","171","61.356815338134766","61.356815338134766","61.356815338134766"
"9450.5","94","94","94","77.87525177001953","77.87525177001953","77.87525177001953","","","","","",""
"9479.3095703125","","","","","","","172","172","172","61.830955505371094","61.830955505371094","61.830955505371094"
"9550.5","95","95","95","77.72300720214844","77.72300720214844","77.72300720214844","","","","","",""
"9574.009765625","","","","","","","173","173","173","61.98140335083008","61.98140335083008","61.98140335083008"
"9650.5","96","96","96","77.60243225097656","77.60243225097656","77.60243225097656","","","","","",""
"9669.4501953125","","","","","","","174","174","174","61.84227752685547","61.84227752685547","61.84227752685547"
"9750.5","97","97","97","75.79994201660156","75.79994201660156","75.79994201660156","","","","","",""
"9763.9501953125","","","","","","","175","175","175","61.512413024902344","61.512413024902344","61.512413024902344"
"9850.5","98","98","98","77.63497924804688","77.63497924804688","77.63497924804688","","","","","",""
"9860.919921875","","","","","","","176","176","176","61.23162841796875","61.23162841796875","61.23162841796875"
"9950.5","99","99","99","76.5534439086914","76.5534439086914","76.5534439086914","","","","","",""
"9956.0703125","","","","","","","177","177","177","61.71319580078125","61.71319580078125","61.71319580078125"
"10050.5","100","100","100","74.49632263183594","74.49632263183594","74.49632263183594","","","","","",""
"10050.7998046875","","","","","","","178","178","178","61.660430908203125","61.660430908203125","61.660430908203125"
"10146.51953125","","","","","","","179","179","179","61.36864471435547","61.36864471435547","61.36864471435547"
"10150.5","101","101","101","76.68864440917969","76.68864440917969","76.68864440917969","","","","","",""
"10241.5703125","","","","","","","180","180","180","61.60654067993164","61.60654067993164","61.60654067993164"
"10250.5","102","102","102","75.49649047851562","75.49649047851562","75.49649047851562","","","","","",""
"10337.48046875","","","","","","","181","181","181","61.76774215698242","61.76774215698242","61.76774215698242"
"10350.5","103","103","103","75.4635009765625","75.4635009765625","75.4635009765625","","","","","",""
"10431.73046875","","","","","","","182","182","182","61.67497634887695","61.67497634887695","61.67497634887695"
"10450.5","104","104","104","79.1786117553711","79.1786117553711","79.1786117553711","","","","","",""
"10527.599609375","","","","","","","183","183","183","60.9860725402832","60.9860725402832","60.9860725402832"
"10550.5","105","105","105","76.36971282958984","76.36971282958984","76.36971282958984","","","","","",""
"10623.2802734375","","","","","","","184","184","184","61.63665008544922","61.63665008544922","61.63665008544922"
"10650.5","106","106","106","76.42376708984375","76.42376708984375","76.42376708984375","","","","","",""
"10720.23046875","","","","","","","185","185","185","61.014556884765625","61.014556884765625","61.014556884765625"
"10750.5","107","107","107","75.5754623413086","75.5754623413086","75.5754623413086","","","","","",""
"10816.3798828125","","","","","","","186","186","186","62.198036193847656","62.198036193847656","62.198036193847656"
"10850.5","108","108","108","74.01305389404297","74.01305389404297","74.01305389404297","","","","","",""
"10912.9697265625","","","","","","","187","187","187","61.95376205444336","61.95376205444336","61.95376205444336"
"10950.5","109","109","109","75.41957092285156","75.41957092285156","75.41957092285156","","","","","",""
"11008.3203125","","","","","","","188","188","188","63.128639221191406","63.128639221191406","63.128639221191406"
"11050.5","110","110","110","73.29295349121094","73.29295349121094","73.29295349121094","","","","","",""
"11105.2099609375","","","","","","","189","189","189","64.6507339477539","64.6507339477539","64.6507339477539"
"11150.5","111","111","111","74.52762603759766","74.52762603759766","74.52762603759766","","","","","",""
"11194.330078125","","","","","","","190","190","190","66.43151092529297","66.43151092529297","66.43151092529297"
"11250.5","112","112","112","74.27754974365234","74.27754974365234","74.27754974365234","","","","","",""
"11281.3095703125","","","","","","","191","191","191","67.21408081054688","67.21408081054688","67.21408081054688"
"11350.5","113","113","113","74.1142807006836","74.1142807006836","74.1142807006836","","","","","",""
"11366.6904296875","","","","","","","192","192","192","66.19779205322266","66.19779205322266","66.19779205322266"
"11450.5","114","114","114","74.11235809326172","74.11235809326172","74.11235809326172","","","","","",""
"11457.3896484375","","","","","","","193","193","193","65.92808532714844","65.92808532714844","65.92808532714844"
"11545.01953125","","","","","","","194","194","194","66.08216857910156","66.08216857910156","66.08216857910156"
"11550.5","115","115","115","71.6539306640625","71.6539306640625","71.6539306640625","","","","","",""
"11632.599609375","","","","","","","195","195","195","65.3761215209961","65.3761215209961","65.3761215209961"
"11650.5","116","116","116","74.77900695800781","74.77900695800781","74.77900695800781","","","","","",""
"11726.080078125","","","","","","","196","196","196","62.88848114013672","62.88848114013672","62.88848114013672"
"11750.5","117","117","117","73.02210998535156","73.02210998535156","73.02210998535156","","","","","",""
"11821.25","","","","","","","197","197","197","62.349021911621094","62.349021911621094","62.349021911621094"
"11850.5","118","118","118","73.52239990234375","73.52239990234375","73.52239990234375","","","","","",""
"11916.0400390625","","","","","","","198","198","198","62.361202239990234","62.361202239990234","62.361202239990234"
"11950.5","119","119","119","71.04931640625","71.04931640625","71.04931640625","","","","","",""
"12010.33984375","","","","","","","199","199","199","62.15870666503906","62.15870666503906","62.15870666503906"
"12050.5","120","120","120","71.02035522460938","71.02035522460938","71.02035522460938","","","","","",""
"12107.58984375","","","","","","","200","200","200","62.66464614868164","62.66464614868164","62.66464614868164"
"12150.5","121","121","121","66.9996566772461","66.9996566772461","66.9996566772461","","","","","",""
"12204.2998046875","","","","","","","201","201","201","64.12981414794922","64.12981414794922","64.12981414794922"
"12250.5","122","122","122","68.24100494384766","68.24100494384766","68.24100494384766","","","","","",""
"12295.9296875","","","","","","","202","202","202","65.70276641845703","65.70276641845703","65.70276641845703"
"12350.5","123","123","123","70.69264221191406","70.69264221191406","70.69264221191406","","","","","",""
"12385.58984375","","","","","","","203","203","203","68.3535385131836","68.3535385131836","68.3535385131836"
"12450.5","124","124","124","69.06886291503906","69.06886291503906","69.06886291503906","","","","","",""
"12463.1396484375","","","","","","","204","204","204","72.51698303222656","72.51698303222656","72.51698303222656"
"12536.4404296875","","","","","","","205","205","205","68.24275207519531","68.24275207519531","68.24275207519531"
"12550.5","125","125","125","67.65668487548828","67.65668487548828","67.65668487548828","","","","","",""
"12617.8798828125","","","","","","","206","206","206","68.31008911132812","68.31008911132812","68.31008911132812"
"12650.5","126","126","126","64.19181060791016","64.19181060791016","64.19181060791016","","","","","",""
"12708.740234375","","","","","","","207","207","207","63.166969299316406","63.166969299316406","63.166969299316406"
"12750.5","127","127","127","65.72830963134766","65.72830963134766","65.72830963134766","","","","","",""
"12802.26953125","","","","","","","208","208","208","61.96903610229492","61.96903610229492","61.96903610229492"
"12850.5","128","128","128","65.78704071044922","65.78704071044922","65.78704071044922","","","","","",""
"12896.1796875","","","","","","","209","209","209","63.535064697265625","63.535064697265625","63.535064697265625"
"12950.5","129","129","129","65.64617156982422","65.64617156982422","65.64617156982422","","","","","",""
"12991.1796875","","","","","","","210","210","210","62.271385192871094","62.271385192871094","62.271385192871094"
"13050.5","130","130","130","64.5937271118164","64.5937271118164","64.5937271118164","","","","","",""
"13084.25","","","","","","","211","211","211","62.95643997192383","62.95643997192383","62.95643997192383"
"13150.5","131","131","131","64.37938690185547","64.37938690185547","64.37938690185547","","","","","",""
"13180.8095703125","","","","","","","212","212","212","61.92677307128906","61.92677307128906","61.92677307128906"
"13250.5","132","132","132","64.62071990966797","64.62071990966797","64.62071990966797","","","","","",""
"13275.1298828125","","","","","","","213","213","213","62.78120040893555","62.78120040893555","62.78120040893555"
"13350.5","133","133","133","63.21604537963867","63.21604537963867","63.21604537963867","","","","","",""
"13367.7900390625","","","","","","","214","214","214","64.18717193603516","64.18717193603516","64.18717193603516"
"13450.5","134","134","134","63.55183410644531","63.55183410644531","63.55183410644531","","","","","",""
"13459.7001953125","","","","","","","215","215","215","64.65149688720703","64.65149688720703","64.65149688720703"
"13550.5","135","135","135","63.10368347167969","63.10368347167969","63.10368347167969","","","","","",""
"13555.51953125","","","","","","","216","216","216","62.78963851928711","62.78963851928711","62.78963851928711"
"13648.58984375","","","","","","","217","217","217","63.164737701416016","63.164737701416016","63.164737701416016"
"13650.5","136","136","136","63.470699310302734","63.470699310302734","63.470699310302734","","","","","",""
"13743.7099609375","","","","","","","218","218","218","62.576988220214844","62.576988220214844","62.576988220214844"
"13750.5","137","137","137","63.067108154296875","63.067108154296875","63.067108154296875","","","","","",""
"13840.9296875","","","","","","","219","219","219","61.51426315307617","61.51426315307617","61.51426315307617"
"13850.5","138","138","138","62.300296783447266","62.300296783447266","62.300296783447266","","","","","",""
"13936.2998046875","","","","","","","220","220","220","62.580345153808594","62.580345153808594","62.580345153808594"
"13950.5","139","139","139","62.45524978637695","62.45524978637695","62.45524978637695","","","","","",""
"14029.9501953125","","","","","","","221","221","221","64.33524322509766","64.33524322509766","64.33524322509766"
"14050.5","140","140","140","62.316162109375","62.316162109375","62.316162109375","","","","","",""
"14119.91015625","","","","","","","222","222","222","64.53125762939453","64.53125762939453","64.53125762939453"
"14150.5","141","141","141","62.070526123046875","62.070526123046875","62.070526123046875","","","","","",""
"14207.2802734375","","","","","","","223","223","223","69.38493347167969","69.38493347167969","69.38493347167969"
"14250.5","142","142","142","63.199745178222656","63.199745178222656","63.199745178222656","","","","","",""
"14283.8603515625","","","","","","","224","224","224","69.76644897460938","69.76644897460938","69.76644897460938"
"14350.5","143","143","143","62.404300689697266","62.404300689697266","62.404300689697266","","","","","",""
"14363.4404296875","","","","","","","225","225","225","68.86153411865234","68.86153411865234","68.86153411865234"
"14450.5","144","144","144","61.9495964050293","61.9495964050293","61.9495964050293","","","","","",""
"14451.240234375","","","","","","","226","226","226","65.798828125","65.798828125","65.798828125"
"14541.580078125","","","","","","","227","227","227","63.43098068237305","63.43098068237305","63.43098068237305"
"14550.5","145","145","145","62.04582977294922","62.04582977294922","62.04582977294922","","","","","",""
"14636.8203125","","","","","","","228","228","228","66.0363540649414","66.0363540649414","66.0363540649414"
"14650.5","146","146","146","61.44158172607422","61.44158172607422","61.44158172607422","","","","","",""
"14715.650390625","","","","","","","229","229","229","72.94892883300781","72.94892883300781","72.94892883300781"
"14750.5","147","147","147","61.7017822265625","61.7017822265625","61.7017822265625","","","","","",""
"14774.4599609375","","","","","","","230","230","230","70.24850463867188","70.24850463867188","70.24850463867188"
"14850.5","148","148","148","61.22032928466797","61.22032928466797","61.22032928466797","","","","","",""
"14860.83984375","","","","","","","231","231","231","65.66078186035156","65.66078186035156","65.66078186035156"
"14950.5","149","149","149","61.39630889892578","61.39630889892578","61.39630889892578","","","","","",""
"14951.7197265625","","","","","","","232","232","232","65.28292846679688","65.28292846679688","65.28292846679688"
"15045.4404296875","","","","","","","233","233","233","62.104000091552734","62.104000091552734","62.104000091552734"
"15050.5","150","150","150","61.192848205566406","61.192848205566406","61.192848205566406","","","","","",""
"15139.8095703125","","","","","","","234","234","234","63.23968505859375","63.23968505859375","63.23968505859375"
"15150.5","151","151","151","61.38383102416992","61.38383102416992","61.38383102416992","","","","","",""
"15235.5302734375","","","","","","","235","235","235","61.61613464355469","61.61613464355469","61.61613464355469"
"15250.5","152","152","152","61.63640594482422","61.63640594482422","61.63640594482422","","","","","",""
"15331.01953125","","","","","","","236","236","236","65.35691833496094","65.35691833496094","65.35691833496094"
"15350.5","153","153","153","61.72109603881836","61.72109603881836","61.72109603881836","","","","","",""
"15418.7998046875","","","","","","","237","237","237","68.56172943115234","68.56172943115234","68.56172943115234"
"15450.5","154","154","154","61.35159683227539","61.35159683227539","61.35159683227539","","","","","",""
"15508.3603515625","","","","","","","238","238","238","63.86714553833008","63.86714553833008","63.86714553833008"
"15550.5","155","155","155","61.46262741088867","61.46262741088867","61.46262741088867","","","","","",""
"15604.6904296875","","","","","","","239","239","239","61.187400817871094","61.187400817871094","61.187400817871094"
"15650.5","156","156","156","61.51148986816406","61.51148986816406","61.51148986816406","","","","","",""
"15702.9697265625","","","","","","","240","240","240","61.27443313598633","61.27443313598633","61.27443313598633"
"15750.5","157","157","157","61.0510139465332","61.0510139465332","61.0510139465332","","","","","",""
"15799.16015625","","","","","","","241","241","241","61.61056900024414","61.61056900024414","61.61056900024414"
"15850.5","158","158","158","61.01331329345703","61.01331329345703","61.01331329345703","","","","","",""
"15896.150390625","","","","","","","242","242","242","61.075809478759766","61.075809478759766","61.075809478759766"
"15950.5","159","159","159","61.078277587890625","61.078277587890625","61.078277587890625","","","","","",""
"15994.919921875","","","","","","","243","243","243","61.230525970458984","61.230525970458984","61.230525970458984"
"16050.5","160","160","160","61.196929931640625","61.196929931640625","61.196929931640625","","","","","",""
"16090.6201171875","","","","","","","244","244","244","62.35541534423828","62.35541534423828","62.35541534423828"
"16150.5","161","161","161","61.09164810180664","61.09164810180664","61.09164810180664","","","","","",""
"16186.759765625","","","","","","","245","245","245","64.796142578125","64.796142578125","64.796142578125"
"16250.5","162","162","162","61.11406707763672","61.11406707763672","61.11406707763672","","","","","",""
"16277.9296875","","","","","","","246","246","246","64.3545913696289","64.3545913696289","64.3545913696289"
"16350.5","163","163","163","61.4160270690918","61.4160270690918","61.4160270690918","","","","","",""
"16372.2998046875","","","","","","","247","247","247","62.40974044799805","62.40974044799805","62.40974044799805"
"16450.5","164","164","164","61.17724609375","61.17724609375","61.17724609375","","","","","",""
"16466.169921875","","","","","","","248","248","248","63.40359115600586","63.40359115600586","63.40359115600586"
"16550.5","165","165","165","61.261375427246094","61.261375427246094","61.261375427246094","","","","","",""
"16558.859375","","","","","","","249","249","249","65.3050537109375","65.3050537109375","65.3050537109375"
"16649.810546875","","","","","","","250","250","250","65.851318359375","65.851318359375","65.851318359375"
"16650.5","166","166","166","60.896026611328125","60.896026611328125","60.896026611328125","","","","","",""
"16735.19921875","","","","","","","251","251","251","66.64453125","66.64453125","66.64453125"
"16750.5","167","167","167","61.24477767944336","61.24477767944336","61.24477767944336","","","","","",""
"16822.66015625","","","","","","","252","252","252","66.6504898071289","66.6504898071289","66.6504898071289"
"16850.5","168","168","168","60.7100944519043","60.7100944519043","60.7100944519043","","","","","",""
"16912.4296875","","","","","","","253","253","253","66.75760650634766","66.75760650634766","66.75760650634766"
"16950.5","169","169","169","60.88008117675781","60.88008117675781","60.88008117675781","","","","","",""
"16991.5390625","","","","","","","254","254","254","71.42233276367188","71.42233276367188","71.42233276367188"
"17050.5","170","170","170","61.11109924316406","61.11109924316406","61.11109924316406","","","","","",""
"17062.73046875","","","","","","","255","255","255","71.60453796386719","71.60453796386719","71.60453796386719"
"17133.83984375","","","","","","","256","256","256","70.6659164428711","70.6659164428711","70.6659164428711"
"17150.5","171","171","171","61.03901672363281","61.03901672363281","61.03901672363281","","","","","",""
"17212.060546875","","","","","","","257","257","257","70.30470275878906","70.30470275878906","70.30470275878906"
"17250.5","172","172","172","61.116153717041016","61.116153717041016","61.116153717041016","","","","","",""
"17287.58984375","","","","","","","258","258","258","70.20095825195312","70.20095825195312","70.20095825195312"
"17350.5","173","173","173","61.16408920288086","61.16408920288086","61.16408920288086","","","","","",""
"17365.640625","","","","","","","259","259","259","71.71281433105469","71.71281433105469","71.71281433105469"
"17445.919921875","","","","","","","260","260","260","68.51914978027344","68.51914978027344","68.51914978027344"
"17450.5","174","174","174","60.95402526855469","60.95402526855469","60.95402526855469","","","","","",""
"17536.560546875","","","","","","","261","261","261","65.16248321533203","65.16248321533203","65.16248321533203"
"17550.5","175","175","175","60.79062271118164","60.79062271118164","60.79062271118164","","","","","",""
"17625.330078125","","","","","","","262","262","262","67.5762710571289","67.5762710571289","67.5762710571289"
"17650.5","176","176","176","60.87105178833008","60.87105178833008","60.87105178833008","","","","","",""
"17713.0390625","","","","","","","263","263","263","68.22997283935547","68.22997283935547","68.22997283935547"
"17750.5","177","177","177","60.84953308105469","60.84953308105469","60.84953308105469","","","","","",""
"17795.919921875","","","","","","","264","264","264","70.33643341064453","70.33643341064453","70.33643341064453"
"17850.5","178","178","178","60.87593078613281","60.87593078613281","60.87593078613281","","","","","",""
"17879.939453125","","","","","","","265","265","265","67.8309555053711","67.8309555053711","67.8309555053711"
"17950.5","179","179","179","60.97631072998047","60.97631072998047","60.97631072998047","","","","","",""
"17968.640625","","","","","","","266","266","266","67.57545471191406","67.57545471191406","67.57545471191406"
"18050.5","180","180","180","60.72259521484375","60.72259521484375","60.72259521484375","","","","","",""
"18053.119140625","","","","","","","267","267","267","68.35111999511719","68.35111999511719","68.35111999511719"
"18135.060546875","","","","","","","268","268","268","67.62081909179688","67.62081909179688","67.62081909179688"
"18150.5","181","181","181","60.73198318481445","60.73198318481445","60.73198318481445","","","","","",""
"18225.51953125","","","","","","","269","269","269","65.05726623535156","65.05726623535156","65.05726623535156"
"18250.5","182","182","182","60.70001983642578","60.70001983642578","60.70001983642578","","","","","",""
"18320.470703125","","","","","","","270","270","270","63.48103713989258","63.48103713989258","63.48103713989258"
"18350.5","183","183","183","60.807044982910156","60.807044982910156","60.807044982910156","","","","","",""
"18418.490234375","","","","","","","271","271","271","61.866878509521484","61.866878509521484","61.866878509521484"
"18450.5","184","184","184","60.77619552612305","60.77619552612305","60.77619552612305","","","","","",""
"18515.0703125","","","","","","","272","272","272","62.89454650878906","62.89454650878906","62.89454650878906"
"18550.5","185","185","185","60.71931838989258","60.71931838989258","60.71931838989258","","","","","",""
"18603.609375","","","","","","","273","273","273","70.4016342163086","70.4016342163086","70.4016342163086"
"18650.5","186","186","186","60.76691818237305","60.76691818237305","60.76691818237305","","","","","",""
"18673.76953125","","","","","","","274","274","274","72.37350463867188","72.37350463867188","72.37350463867188"
"18731.220703125","","","","","","","275","275","275","78.5062484741211","78.5062484741211","78.5062484741211"
"18750.5","187","187","187","60.93495559692383","60.93495559692383","60.93495559692383","","","","","",""
"18766.130859375","","","","","","","276","276","276","81.07433319091797","81.07433319091797","81.07433319091797"
"18797.150390625","","","","","","","277","277","277","79.51954650878906","79.51954650878906","79.51954650878906"
"18850.5","188","188","188","60.765316009521484","60.765316009521484","60.765316009521484","","","","","",""
"18853.75","","","","","","","278","278","278","73.90119171142578","73.90119171142578","73.90119171142578"
"18921.0703125","","","","","","","279","279","279","71.8880386352539","71.8880386352539","71.8880386352539"
"18950.5","189","189","189","60.651607513427734","60.651607513427734","60.651607513427734","","","","","",""
"18996.5703125","","","","","","","280","280","280","71.083251953125","71.083251953125","71.083251953125"
"19050.5","190","190","190","60.71725845336914","60.71725845336914","60.71725845336914","","","","","",""
"19072.01953125","","","","","","","281","281","281","70.53052520751953","70.53052520751953","70.53052520751953"
"19150.5","191","191","191","60.69514083862305","60.69514083862305","60.69514083862305","","","","","",""
"19155.310546875","","","","","","","282","282","282","67.91870880126953","67.91870880126953","67.91870880126953"
"19240.080078125","","","","","","","283","283","283","67.31719207763672","67.31719207763672","67.31719207763672"
"19250.5","192","192","192","60.6530876159668","60.6530876159668","60.6530876159668","","","","","",""
"19332.060546875","","","","","","","284","284","284","63.232460021972656","63.232460021972656","63.232460021972656"
"19350.5","193","193","193","61.18779373168945","61.18779373168945","61.18779373168945","","","","","",""
"19424.2890625","","","","","","","285","285","285","64.05397033691406","64.05397033691406","64.05397033691406"
"19450.5","194","194","194","61.08704376220703","61.08704376220703","61.08704376220703","","","","","",""
"19518.9296875","","","","","","","286","286","286","61.9570198059082","61.9570198059082","61.9570198059082"
"19550.5","195","195","195","60.735267639160156","60.735267639160156","60.735267639160156","","","","","",""
"19616.529296875","","","","","","","287","287","287","61.64577102661133","61.64577102661133","61.64577102661133"
"19650.5","196","196","196","60.61555480957031","60.61555480957031","60.61555480957031","","","","","",""
"19712.05078125","","","","","","","288","288","288","61.18113327026367","61.18113327026367","61.18113327026367"
"19750.5","197","197","197","60.61555480957031","60.61555480957031","60.61555480957031","","","","","",""
"19808.51953125","","","","","","","289","289","289","61.585697174072266","61.585697174072266","61.585697174072266"
"19850.5","198","198","198","60.69062042236328","60.69062042236328","60.69062042236328","","","","","",""
"19906.25","","","","","","","290","290","290","61.727848052978516","61.727848052978516","61.727848052978516"
"19950.5","199","199","199","60.651607513427734","60.651607513427734","60.651607513427734","","","","","",""
"19996.919921875","","","","","","","291","291","291","64.5062255859375","64.5062255859375","64.5062255859375"
"20050.5","200","200","200","60.61555480957031","60.61555480957031","60.61555480957031","","","","","",""
"20087.220703125","","","","","","","292","292","292","66.73648071289062","66.73648071289062","66.73648071289062"
"20150.5","201","201","201","60.65500259399414","60.65500259399414","60.65500259399414","","","","","",""
"20178.1796875","","","","","","","293","293","293","63.22090148925781","63.22090148925781","63.22090148925781"
"20250.5","202","202","202","60.61555480957031","60.61555480957031","60.61555480957031","","","","","",""
"20275.470703125","","","","","","","294","294","294","61.04432678222656","61.04432678222656","61.04432678222656"
"20350.5","203","203","203","60.83383560180664","60.83383560180664","60.83383560180664","","","","","",""
"20373.58984375","","","","","","","295","295","295","61.5523796081543","61.5523796081543","61.5523796081543"
"20450.5","204","204","204","60.659088134765625","60.659088134765625","60.659088134765625","","","","","",""
"20467.01953125","","","","","","","296","296","296","62.37535095214844","62.37535095214844","62.37535095214844"
"20550.5","205","205","205","60.685062408447266","60.685062408447266","60.685062408447266","","","","","",""
"20562.94921875","","","","","","","297","297","297","61.63460159301758","61.63460159301758","61.63460159301758"
"20650.5","206","206","206","60.746826171875","60.746826171875","60.746826171875","","","","","",""
"20658.91015625","","","","","","","298","298","298","62.749359130859375","62.749359130859375","62.749359130859375"
"20750.5","207","207","207","60.907203674316406","60.907203674316406","60.907203674316406","","","","","",""
"20753.259765625","","","","","","","299","299","299","61.98749923706055","61.98749923706055","61.98749923706055"
"20850.5","208","208","208","60.70895004272461","60.70895004272461","60.70895004272461","","","","","",""
"20950.5","209","209","209","60.649009704589844","60.649009704589844","60.649009704589844","","","","","",""
"21050.5","210","210","210","60.61555480957031","60.61555480957031","60.61555480957031","","","","","",""
"21150.5","211","211","211","60.61555480957031","60.61555480957031","60.61555480957031","","","","","",""
"21250.5","212","212","212","60.61555480957031","60.61555480957031","60.61555480957031","","","","","",""
"21350.5","213","213","213","61.176300048828125","61.176300048828125","61.176300048828125","","","","","",""
"21450.5","214","214","214","60.65568161010742","60.65568161010742","60.65568161010742","","","","","",""
"21550.5","215","215","215","60.96883010864258","60.96883010864258","60.96883010864258","","","","","",""
"21650.5","216","216","216","60.76024627685547","60.76024627685547","60.76024627685547","","","","","",""
"21750.5","217","217","217","60.61555480957031","60.61555480957031","60.61555480957031","","","","","",""
"21850.5","218","218","218","60.61555480957031","60.61555480957031","60.61555480957031","","","","","",""
"21950.5","219","219","219","60.65500259399414","60.65500259399414","60.65500259399414","","","","","",""
"22050.5","220","220","220","60.724510192871094","60.724510192871094","60.724510192871094","","","","","",""
"22150.5","221","221","221","60.79054641723633","60.79054641723633","60.79054641723633","","","","","",""
"22250.5","222","222","222","60.61555480957031","60.61555480957031","60.61555480957031","","","","","",""
"22350.5","223","223","223","60.69062042236328","60.69062042236328","60.69062042236328","","","","","",""
"22450.5","224","224","224","60.65568161010742","60.65568161010742","60.65568161010742","","","","","",""
"22550.5","225","225","225","60.61555480957031","60.61555480957031","60.61555480957031","","","","","",""
"22650.5","226","226","226","60.65240478515625","60.65240478515625","60.65240478515625","","","","","",""
"22750.5","227","227","227","60.70962905883789","60.70962905883789","60.70962905883789","","","","","",""
"22850.5","228","228","228","60.65500259399414","60.65500259399414","60.65500259399414","","","","","",""
"22950.5","229","229","229","60.72259521484375","60.72259521484375","60.72259521484375","","","","","",""
"23050.5","230","230","230","60.68654251098633","60.68654251098633","60.68654251098633","","","","","",""
"23150.5","231","231","231","60.7783088684082","60.7783088684082","60.7783088684082","","","","","",""
"23250.5","232","232","232","60.80902862548828","60.80902862548828","60.80902862548828","","","","","",""
"23350.5","233","233","233","60.61555480957031","60.61555480957031","60.61555480957031","","","","","",""
"23450.5","234","234","234","60.61555480957031","60.61555480957031","60.61555480957031","","","","","",""
"23550.5","235","235","235","60.72111511230469","60.72111511230469","60.72111511230469","","","","","",""
"23650.5","236","236","236","60.68246841430664","60.68246841430664","60.68246841430664","","","","","",""
"23750.5","237","237","237","60.61555480957031","60.61555480957031","60.61555480957031","","","","","",""
"23850.5","238","238","238","60.76617431640625","60.76617431640625","60.76617431640625","","","","","",""
"23950.5","239","239","239","60.649009704589844","60.649009704589844","60.649009704589844","","","","","",""
"24050.5","240","240","240","60.61555480957031","60.61555480957031","60.61555480957031","","","","","",""
"24150.5","241","241","241","60.70962905883789","60.70962905883789","60.70962905883789","","","","","",""
"24250.5","242","242","242","60.67549514770508","60.67549514770508","60.67549514770508","","","","","",""
"24350.5","243","243","243","60.7185173034668","60.7185173034668","60.7185173034668","","","","","",""
"24450.5","244","244","244","60.651607513427734","60.651607513427734","60.651607513427734","","","","","",""
"24550.5","245","245","245","60.61555480957031","60.61555480957031","60.61555480957031","","","","","",""
"24650.5","246","246","246","60.78430938720703","60.78430938720703","60.78430938720703","","","","","",""
"24750.5","247","247","247","60.68845748901367","60.68845748901367","60.68845748901367","","","","","",""
"24850.5","248","248","248","60.66787338256836","60.66787338256836","60.66787338256836","","","","","",""
"24950.5","249","249","249","60.61555480957031","60.61555480957031","60.61555480957031","","","","","",""
"25050.5","250","250","250","60.61555480957031","60.61555480957031","60.61555480957031","","","","","",""
"25150.5","251","251","251","60.649009704589844","60.649009704589844","60.649009704589844","","","","","",""
"25250.5","252","252","252","60.61555480957031","60.61555480957031","60.61555480957031","","","","","",""
"25350.5","253","253","253","60.61555480957031","60.61555480957031","60.61555480957031","","","","","",""
"25450.5","254","254","254","60.61555480957031","60.61555480957031","60.61555480957031","","","","","",""
"25550.5","255","255","255","60.61555480957031","60.61555480957031","60.61555480957031","","","","","",""
"25650.5","256","256","256","60.61555480957031","60.61555480957031","60.61555480957031","","","","","",""
"25750.5","257","257","257","60.61555480957031","60.61555480957031","60.61555480957031","","","","","",""
"25850.5","258","258","258","60.651607513427734","60.651607513427734","60.651607513427734","","","","","",""
"25950.5","259","259","259","60.77811050415039","60.77811050415039","60.77811050415039","","","","","",""
"26050.5","260","260","260","60.72370910644531","60.72370910644531","60.72370910644531","","","","","",""
"26150.5","261","261","261","60.61555480957031","60.61555480957031","60.61555480957031","","","","","",""
"26250.5","262","262","262","60.65500259399414","60.65500259399414","60.65500259399414","","","","","",""
"26350.5","263","263","263","60.68845748901367","60.68845748901367","60.68845748901367","","","","","",""
"26450.5","264","264","264","60.61555480957031","60.61555480957031","60.61555480957031","","","","","",""
"26550.5","265","265","265","60.61555480957031","60.61555480957031","60.61555480957031","","","","","",""
"26650.5","266","266","266","60.659088134765625","60.659088134765625","60.659088134765625","","","","","",""
"26750.5","267","267","267","60.61555480957031","60.61555480957031","60.61555480957031","","","","","",""
"26850.5","268","268","268","60.61555480957031","60.61555480957031","60.61555480957031","","","","","",""
"26950.5","269","269","269","60.61555480957031","60.61555480957031","60.61555480957031","","","","","",""
"27050.5","270","270","270","60.61555480957031","60.61555480957031","60.61555480957031","","","","","",""
"27150.5","271","271","271","60.61555480957031","60.61555480957031","60.61555480957031","","","","","",""
"27250.5","272","272","272","60.61555480957031","60.61555480957031","60.61555480957031","","","","","",""
"27350.5","273","273","273","60.61555480957031","60.61555480957031","60.61555480957031","","","","","",""
"27450.5","274","274","274","60.871150970458984","60.871150970458984","60.871150970458984","","","","","",""
"27550.5","275","275","275","60.672096252441406","60.672096252441406","60.672096252441406","","","","","",""
"27650.5","276","276","276","60.67194747924805","60.67194747924805","60.67194747924805","","","","","",""
"27750.5","277","277","277","60.70392608642578","60.70392608642578","60.70392608642578","","","","","",""
"27850.5","278","278","278","60.61555480957031","60.61555480957031","60.61555480957031","","","","","",""
"27950.5","279","279","279","60.65500259399414","60.65500259399414","60.65500259399414","","","","","",""
"28050.5","280","280","280","60.61555480957031","60.61555480957031","60.61555480957031","","","","","",""
"28150.5","281","281","281","60.61555480957031","60.61555480957031","60.61555480957031","","","","","",""
"28250.5","282","282","282","60.61555480957031","60.61555480957031","60.61555480957031","","","","","",""
"28350.5","283","283","283","60.61555480957031","60.61555480957031","60.61555480957031","","","","","",""
"28450.5","284","284","284","60.61555480957031","60.61555480957031","60.61555480957031","","","","","",""
"28550.5","285","285","285","60.61555480957031","60.61555480957031","60.61555480957031","","","","","",""
"28650.5","286","286","286","60.61555480957031","60.61555480957031","60.61555480957031","","","","","",""
"28750.5","287","287","287","60.61555480957031","60.61555480957031","60.61555480957031","","","","","",""
"28850.5","288","288","288","60.649009704589844","60.649009704589844","60.649009704589844","","","","","",""
"28950.5","289","289","289","60.651607513427734","60.651607513427734","60.651607513427734","","","","","",""
"29050.5","290","290","290","60.61555480957031","60.61555480957031","60.61555480957031","","","","","",""
"29150.5","291","291","291","60.65240478515625","60.65240478515625","60.65240478515625","","","","","",""
"29250.5","292","292","292","60.711544036865234","60.711544036865234","60.711544036865234","","","","","",""
"29350.5","293","293","293","60.61555480957031","60.61555480957031","60.61555480957031","","","","","",""
"29450.5","294","294","294","60.67194747924805","60.67194747924805","60.67194747924805","","","","","",""
"29550.5","295","295","295","60.61555480957031","60.61555480957031","60.61555480957031","","","","","",""
"29650.5","296","296","296","60.65568161010742","60.65568161010742","60.65568161010742","","","","","",""
"29750.5","297","297","297","60.6530876159668","60.6530876159668","60.6530876159668","","","","","",""
"29850.5","298","298","298","60.68913650512695","60.68913650512695","60.68913650512695","","","","","",""
"29950.5","299","299","299","60.672096252441406","60.672096252441406","60.672096252441406","","","","","",""