"ray/tune/custom_metrics/real_step_mean","exp_name: guardrails_vanilla - _step","exp_name: guardrails_vanilla - _step__MIN","exp_name: guardrails_vanilla - _step__MAX","exp_name: guardrails_vanilla - ray/tune/custom_metrics/energy_cost_mean","exp_name: guardrails_vanilla - ray/tune/custom_metrics/energy_cost_mean__MIN","exp_name: guardrails_vanilla - ray/tune/custom_metrics/energy_cost_mean__MAX","exp_name: guardrails_nn4 - _step","exp_name: guardrails_nn4 - _step__MIN","exp_name: guardrails_nn4 - _step__MAX","exp_name: guardrails_nn4 - ray/tune/custom_metrics/energy_cost_mean","exp_name: guardrails_nn4 - ray/tune/custom_metrics/energy_cost_mean__MIN","exp_name: guardrails_nn4 - ray/tune/custom_metrics/energy_cost_mean__MAX"
"2.619999885559082","","","","","","","0","0","0","106.60911560058594","106.60911560058594","106.60911560058594"
"6.179999828338623","","","","","","","1","1","1","112.55152130126953","112.55152130126953","112.55152130126953"
"8.760000228881836","","","","","","","2","2","2","111.38726043701172","111.38726043701172","111.38726043701172"
"11","","","","","","","3.5","3","4","112.46128845214844","112.25777435302734","112.66480255126953"
"11.630000114440918","","","","","","","5","5","5","113.00138092041016","113.00138092041016","113.00138092041016"
"13","","","","","","","6","6","6","113.82969665527344","113.82969665527344","113.82969665527344"
"13.4399995803833","","","","","","","7","7","7","114.62818908691406","114.62818908691406","114.62818908691406"
"16.149999618530273","","","","","","","8","8","8","110.00857543945312","110.00857543945312","110.00857543945312"
"17.850000381469727","","","","","","","9","9","9","114.00928497314453","114.00928497314453","114.00928497314453"
"19.950000762939453","","","","","","","10","10","10","111.9897232055664","111.9897232055664","111.9897232055664"
"21.93000030517578","","","","","","","11","11","11","103.99720001220703","103.99720001220703","103.99720001220703"
"26.219999313354492","","","","","","","12","12","12","102.38653564453125","102.38653564453125","102.38653564453125"
"27.979999542236328","","","","","","","13","13","13","108.21688842773438","108.21688842773438","108.21688842773438"
"28.65999984741211","","","","","","","14","14","14","104.6494369506836","104.6494369506836","104.6494369506836"
"30.790000915527344","","","","","","","15","15","15","108.93114471435547","108.93114471435547","108.93114471435547"
"33.58000183105469","","","","","","","16","16","16","108.33576965332031","108.33576965332031","108.33576965332031"
"35.41999816894531","","","","","","","17","17","17","108.83639526367188","108.83639526367188","108.83639526367188"
"37.68000030517578","","","","","","","18","18","18","107.07479095458984","107.07479095458984","107.07479095458984"
"40.959999084472656","","","","","","","19","19","19","110.63545227050781","110.63545227050781","110.63545227050781"
"44.720001220703125","","","","","","","20","20","20","107.71336364746094","107.71336364746094","107.71336364746094"
"47.9900016784668","","","","","","","21","21","21","106.62664794921875","106.62664794921875","106.62664794921875"
"49.7599983215332","","","","","","","22","22","22","106.5656509399414","106.5656509399414","106.5656509399414"
"50.494998931884766","0","0","0","113.8876953125","113.8876953125","113.8876953125","","","","","",""
"52.33000183105469","","","","","","","23","23","23","105.05448150634766","105.05448150634766","105.05448150634766"
"54.9900016784668","","","","","","","24","24","24","104.79957580566406","104.79957580566406","104.79957580566406"
"56.310001373291016","","","","","","","25","25","25","108.14942169189453","108.14942169189453","108.14942169189453"
"58.290000915527344","","","","","","","26","26","26","109.84840393066406","109.84840393066406","109.84840393066406"
"65.54000091552734","","","","","","","27","27","27","105.55252075195312","105.55252075195312","105.55252075195312"
"68.12000274658203","","","","","","","28","28","28","108.59362030029297","108.59362030029297","108.59362030029297"
"72.81999969482422","","","","","","","29","29","29","108.64604949951172","108.64604949951172","108.64604949951172"
"74.19999694824219","","","","","","","30","30","30","109.07957458496094","109.07957458496094","109.07957458496094"
"77.61000061035156","","","","","","","31","31","31","106.24977111816406","106.24977111816406","106.24977111816406"
"81.7699966430664","","","","","","","32","32","32","108.17053985595703","108.17053985595703","108.17053985595703"
"86.62999725341797","","","","","","","33","33","33","102.97199249267578","102.97199249267578","102.97199249267578"
"92.93000030517578","","","","","","","34","34","34","104.55168151855469","104.55168151855469","104.55168151855469"
"96.3499984741211","","","","","","","35","35","35","105.44170379638672","105.44170379638672","105.44170379638672"
"100.87999725341797","","","","","","","36","36","36","106.47679901123047","106.47679901123047","106.47679901123047"
"103.47000122070312","","","","","","","37","37","37","105.79304504394531","105.79304504394531","105.79304504394531"
"106.69999694824219","","","","","","","38","38","38","106.8439712524414","106.8439712524414","106.8439712524414"
"108.30000305175781","","","","","","","39","39","39","108.41646575927734","108.41646575927734","108.41646575927734"
"111.61000061035156","","","","","","","40","40","40","102.908203125","102.908203125","102.908203125"
"114.37999725341797","","","","","","","41","41","41","105.49333190917969","105.49333190917969","105.49333190917969"
"116.72000122070312","","","","","","","42","42","42","105.89535522460938","105.89535522460938","105.89535522460938"
"117.08000183105469","","","","","","","43","43","43","107.2370834350586","107.2370834350586","107.2370834350586"
"119.91000366210938","","","","","","","44","44","44","103.88206481933594","103.88206481933594","103.88206481933594"
"123.12999725341797","","","","","","","45","45","45","102.52632141113281","102.52632141113281","102.52632141113281"
"129.22999572753906","","","","","","","46","46","46","101.76750946044922","101.76750946044922","101.76750946044922"
"133.39999389648438","","","","","","","47","47","47","104.17418670654297","104.17418670654297","104.17418670654297"
"136.13999938964844","","","","","","","48","48","48","104.37196350097656","104.37196350097656","104.37196350097656"
"139.80999755859375","","","","","","","49","49","49","102.48970031738281","102.48970031738281","102.48970031738281"
"143.67999267578125","","","","","","","50","50","50","100.68518829345703","100.68518829345703","100.68518829345703"
"145.27000427246094","","","","","","","51","51","51","100.97496795654297","100.97496795654297","100.97496795654297"
"148.38999938964844","","","","","","","52","52","52","104.84706115722656","104.84706115722656","104.84706115722656"
"150.5","1","1","1","113.84866333007812","113.84866333007812","113.84866333007812","","","","","",""
"152.9499969482422","","","","","","","53","53","53","103.58355712890625","103.58355712890625","103.58355712890625"
"159.1199951171875","","","","","","","54","54","54","97.87433624267578","97.87433624267578","97.87433624267578"
"164.08999633789062","","","","","","","55","55","55","100.29714965820312","100.29714965820312","100.29714965820312"
"167.16000366210938","","","","","","","56","56","56","101.0546646118164","101.0546646118164","101.0546646118164"
"171.39999389648438","","","","","","","57","57","57","101.82665252685547","101.82665252685547","101.82665252685547"
"173.30999755859375","","","","","","","58","58","58","98.8318862915039","98.8318862915039","98.8318862915039"
"177.97999572753906","","","","","","","59","59","59","93.38117218017578","93.38117218017578","93.38117218017578"
"184.77999877929688","","","","","","","60","60","60","96.0056381225586","96.0056381225586","96.0056381225586"
"188.14999389648438","","","","","","","61","61","61","98.2268295288086","98.2268295288086","98.2268295288086"
"193.3000030517578","","","","","","","62","62","62","97.34233093261719","97.34233093261719","97.34233093261719"
"197.1199951171875","","","","","","","63","63","63","99.72515106201172","99.72515106201172","99.72515106201172"
"200.99000549316406","","","","","","","64","64","64","97.50542449951172","97.50542449951172","97.50542449951172"
"204.27000427246094","","","","","","","65","65","65","98.61268615722656","98.61268615722656","98.61268615722656"
"208.94000244140625","","","","","","","66","66","66","94.68560791015625","94.68560791015625","94.68560791015625"
"214.07000732421875","","","","","","","67","67","67","97.6380615234375","97.6380615234375","97.6380615234375"
"218.08999633789062","","","","","","","68","68","68","97.2833480834961","97.2833480834961","97.2833480834961"
"225.85000610351562","","","","","","","69","69","69","94.3481216430664","94.3481216430664","94.3481216430664"
"230.33999633789062","","","","","","","70","70","70","94.696044921875","94.696044921875","94.696044921875"
"237.91000366210938","","","","","","","71","71","71","95.37084197998047","95.37084197998047","95.37084197998047"
"241.47999572753906","","","","","","","72","72","72","95.89806365966797","95.89806365966797","95.89806365966797"
"245.5500030517578","","","","","","","73","73","73","95.76911163330078","95.76911163330078","95.76911163330078"
"250.5","2","2","2","110.34724426269531","110.34724426269531","110.34724426269531","","","","","",""
"253.05999755859375","","","","","","","74","74","74","96.68122863769531","96.68122863769531","96.68122863769531"
"261.54998779296875","","","","","","","75","75","75","93.56938171386719","93.56938171386719","93.56938171386719"
"267.1400146484375","","","","","","","76","76","76","96.0444564819336","96.0444564819336","96.0444564819336"
"273.0799865722656","","","","","","","77","77","77","97.87580871582031","97.87580871582031","97.87580871582031"
"278.29998779296875","","","","","","","78","78","78","95.9068374633789","95.9068374633789","95.9068374633789"
"286.1300048828125","","","","","","","79","79","79","95.01412963867188","95.01412963867188","95.01412963867188"
"296.9200134277344","","","","","","","80","80","80","94.03936767578125","94.03936767578125","94.03936767578125"
"304.2799987792969","","","","","","","81","81","81","95.36197662353516","95.36197662353516","95.36197662353516"
"309.6300048828125","","","","","","","82","82","82","92.97745513916016","92.97745513916016","92.97745513916016"
"316.55999755859375","","","","","","","83","83","83","92.75422668457031","92.75422668457031","92.75422668457031"
"327.260009765625","","","","","","","84","84","84","94.8212661743164","94.8212661743164","94.8212661743164"
"334.489990234375","","","","","","","85","85","85","94.99359893798828","94.99359893798828","94.99359893798828"
"339.2900085449219","","","","","","","86","86","86","94.02587127685547","94.02587127685547","94.02587127685547"
"348.95001220703125","","","","","","","87","87","87","90.38192749023438","90.38192749023438","90.38192749023438"
"350.5","3","3","3","110.70216369628906","110.70216369628906","110.70216369628906","","","","","",""
"356.1300048828125","","","","","","","88","88","88","95.2713851928711","95.2713851928711","95.2713851928711"
"363.42999267578125","","","","","","","89","89","89","92.97251892089844","92.97251892089844","92.97251892089844"
"370.45001220703125","","","","","","","90","90","90","91.59732818603516","91.59732818603516","91.59732818603516"
"376.010009765625","","","","","","","91","91","91","92.24445343017578","92.24445343017578","92.24445343017578"
"387.1600036621094","","","","","","","92","92","92","92.73371887207031","92.73371887207031","92.73371887207031"
"394.80999755859375","","","","","","","93","93","93","95.15727996826172","95.15727996826172","95.15727996826172"
"403.9200134277344","","","","","","","94","94","94","90.78116607666016","90.78116607666016","90.78116607666016"
"418.2699890136719","","","","","","","95","95","95","89.25572204589844","89.25572204589844","89.25572204589844"
"427.5299987792969","","","","","","","96","96","96","90.70886993408203","90.70886993408203","90.70886993408203"
"438.4100036621094","","","","","","","97","97","97","90.26798248291016","90.26798248291016","90.26798248291016"
"449.7799987792969","","","","","","","98","98","98","90.13629150390625","90.13629150390625","90.13629150390625"
"450.5","4","4","4","110.78678131103516","110.78678131103516","110.78678131103516","","","","","",""
"465.3299865722656","","","","","","","99","99","99","87.7396240234375","87.7396240234375","87.7396240234375"
"483.8399963378906","","","","","","","100","100","100","87.4383544921875","87.4383544921875","87.4383544921875"
"505.010009765625","","","","","","","101","101","101","86.1346664428711","86.1346664428711","86.1346664428711"
"523.8699951171875","","","","","","","102","102","102","86.23104858398438","86.23104858398438","86.23104858398438"
"550.5","5","5","5","108.88728332519531","108.88728332519531","108.88728332519531","","","","","",""
"553.1500244140625","","","","","","","103","103","103","80.47328186035156","80.47328186035156","80.47328186035156"
"604.1500244140625","","","","","","","104","104","104","77.59661865234375","77.59661865234375","77.59661865234375"
"650.5","6","6","6","104.88253021240234","104.88253021240234","104.88253021240234","","","","","",""
"655.5999755859375","","","","","","","105","105","105","80.83342742919922","80.83342742919922","80.83342742919922"
"701.6799926757812","","","","","","","106","106","106","78.72441101074219","78.72441101074219","78.72441101074219"
"739.2100219726562","","","","","","","107","107","107","84.51229095458984","84.51229095458984","84.51229095458984"
"750.5","7","7","7","105.97489166259766","105.97489166259766","105.97489166259766","","","","","",""
"782.72998046875","","","","","","","108","108","108","78.79161071777344","78.79161071777344","78.79161071777344"
"831.510009765625","","","","","","","109","109","109","79.03176879882812","79.03176879882812","79.03176879882812"
"850.5","8","8","8","120.84848022460938","120.84848022460938","120.84848022460938","","","","","",""
"888.280029296875","","","","","","","110","110","110","77.86714935302734","77.86714935302734","77.86714935302734"
"941.260009765625","","","","","","","111","111","111","77.91633605957031","77.91633605957031","77.91633605957031"
"950.5","9","9","9","111.89370727539062","111.89370727539062","111.89370727539062","","","","","",""
"990.2000122070312","","","","","","","112","112","112","78.13020324707031","78.13020324707031","78.13020324707031"
"1039.300048828125","","","","","","","113","113","113","76.91606903076172","76.91606903076172","76.91606903076172"
"1050.5","10","10","10","109.6536636352539","109.6536636352539","109.6536636352539","","","","","",""
"1103.4300537109375","","","","","","","114","114","114","74.6259536743164","74.6259536743164","74.6259536743164"
"1150.5","11","11","11","109.36640930175781","109.36640930175781","109.36640930175781","","","","","",""
"1166.0999755859375","","","","","","","115","115","115","75.42133331298828","75.42133331298828","75.42133331298828"
"1228.199951171875","","","","","","","116","116","116","75.31852722167969","75.31852722167969","75.31852722167969"
"1250.5","12","12","12","103.52923583984375","103.52923583984375","103.52923583984375","","","","","",""
"1289.27001953125","","","","","","","117","117","117","75.5505142211914","75.5505142211914","75.5505142211914"
"1349.1199951171875","","","","","","","118","118","118","77.31849670410156","77.31849670410156","77.31849670410156"
"1350.5","13","13","13","104.88167572021484","104.88167572021484","104.88167572021484","","","","","",""
"1403.9100341796875","","","","","","","119","119","119","73.95177459716797","73.95177459716797","73.95177459716797"
"1450.5","14","14","14","111.61812591552734","111.61812591552734","111.61812591552734","","","","","",""
"1472.43994140625","","","","","","","120","120","120","75.12089538574219","75.12089538574219","75.12089538574219"
"1540.75","","","","","","","121","121","121","74.47769165039062","74.47769165039062","74.47769165039062"
"1550.5","15","15","15","102.0263442993164","102.0263442993164","102.0263442993164","","","","","",""
"1610.27001953125","","","","","","","122","122","122","73.09367370605469","73.09367370605469","73.09367370605469"
"1650.5","16","16","16","106.12540435791016","106.12540435791016","106.12540435791016","","","","","",""
"1678.0400390625","","","","","","","123","123","123","72.97734832763672","72.97734832763672","72.97734832763672"
"1750.5","17","17","17","100.9277572631836","100.9277572631836","100.9277572631836","","","","","",""
"1750.5400390625","","","","","","","124","124","124","73.77481842041016","73.77481842041016","73.77481842041016"
"1828.0699462890625","","","","","","","125","125","125","69.90120697021484","69.90120697021484","69.90120697021484"
"1850.5","18","18","18","105.79425811767578","105.79425811767578","105.79425811767578","","","","","",""
"1903.7900390625","","","","","","","126","126","126","70.82063293457031","70.82063293457031","70.82063293457031"
"1950.5","19","19","19","103.94441986083984","103.94441986083984","103.94441986083984","","","","","",""
"1983.219970703125","","","","","","","127","127","127","72.75859832763672","72.75859832763672","72.75859832763672"
"2050.5","20","20","20","99.72634887695312","99.72634887695312","99.72634887695312","","","","","",""
"2062.820068359375","","","","","","","128","128","128","69.32661437988281","69.32661437988281","69.32661437988281"
"2149.2099609375","","","","","","","129","129","129","70.44217681884766","70.44217681884766","70.44217681884766"
"2150.5","21","21","21","95.35587310791016","95.35587310791016","95.35587310791016","","","","","",""
"2227.469970703125","","","","","","","130","130","130","68.99226379394531","68.99226379394531","68.99226379394531"
"2250.5","22","22","22","100.82213592529297","100.82213592529297","100.82213592529297","","","","","",""
"2314.659912109375","","","","","","","131","131","131","69.94750213623047","69.94750213623047","69.94750213623047"
"2350.5","23","23","23","104.88750457763672","104.88750457763672","104.88750457763672","","","","","",""
"2403.639892578125","","","","","","","132","132","132","69.43212127685547","69.43212127685547","69.43212127685547"
"2450.5","24","24","24","106.1396484375","106.1396484375","106.1396484375","","","","","",""
"2485.75","","","","","","","133","133","133","68.65955352783203","68.65955352783203","68.65955352783203"
"2550.5","25","25","25","98.38632202148438","98.38632202148438","98.38632202148438","","","","","",""
"2567.739990234375","","","","","","","134","134","134","68.30133056640625","68.30133056640625","68.30133056640625"
"2650.5","26","26","26","96.47528839111328","96.47528839111328","96.47528839111328","","","","","",""
"2654.510009765625","","","","","","","135","135","135","68.93141174316406","68.93141174316406","68.93141174316406"
"2737.739990234375","","","","","","","136","136","136","69.0830078125","69.0830078125","69.0830078125"
"2750.5","27","27","27","102.84983825683594","102.84983825683594","102.84983825683594","","","","","",""
"2826.030029296875","","","","","","","137","137","137","67.397216796875","67.397216796875","67.397216796875"
"2850.5","28","28","28","97.3595199584961","97.3595199584961","97.3595199584961","","","","","",""
"2919.219970703125","","","","","","","138","138","138","67.79004669189453","67.79004669189453","67.79004669189453"
"2950.5","29","29","29","89.51185607910156","89.51185607910156","89.51185607910156","","","","","",""
"3008.919921875","","","","","","","139","139","139","68.14403533935547","68.14403533935547","68.14403533935547"
"3050.5","30","30","30","101.05657958984375","101.05657958984375","101.05657958984375","","","","","",""
"3099.3798828125","","","","","","","140","140","140","66.69082641601562","66.69082641601562","66.69082641601562"
"3150.5","31","31","31","96.20863342285156","96.20863342285156","96.20863342285156","","","","","",""
"3191.239990234375","","","","","","","141","141","141","66.25650787353516","66.25650787353516","66.25650787353516"
"3250.5","32","32","32","101.64610290527344","101.64610290527344","101.64610290527344","","","","","",""
"3281.489990234375","","","","","","","142","142","142","65.79280853271484","65.79280853271484","65.79280853271484"
"3350.5","33","33","33","95.61910247802734","95.61910247802734","95.61910247802734","","","","","",""
"3372.199951171875","","","","","","","143","143","143","65.42173767089844","65.42173767089844","65.42173767089844"
"3450.5","34","34","34","93.64175415039062","93.64175415039062","93.64175415039062","","","","","",""
"3456.419921875","","","","","","","144","144","144","67.20201110839844","67.20201110839844","67.20201110839844"
"3546.43994140625","","","","","","","145","145","145","65.42813110351562","65.42813110351562","65.42813110351562"
"3550.5","35","35","35","94.5589599609375","94.5589599609375","94.5589599609375","","","","","",""
"3637.93994140625","","","","","","","146","146","146","64.80889892578125","64.80889892578125","64.80889892578125"
"3650.5","36","36","36","95.31427764892578","95.31427764892578","95.31427764892578","","","","","",""
"3728.81005859375","","","","","","","147","147","147","64.00814056396484","64.00814056396484","64.00814056396484"
"3750.5","37","37","37","97.84664916992188","97.84664916992188","97.84664916992188","","","","","",""
"3821.830078125","","","","","","","148","148","148","63.63645553588867","63.63645553588867","63.63645553588867"
"3850.5","38","38","38","95.67284393310547","95.67284393310547","95.67284393310547","","","","","",""
"3916.60009765625","","","","","","","149","149","149","63.62156677246094","63.62156677246094","63.62156677246094"
"3950.5","39","39","39","94.89888763427734","94.89888763427734","94.89888763427734","","","","","",""
"4014.0400390625","","","","","","","150","150","150","62.746944427490234","62.746944427490234","62.746944427490234"
"4050.5","40","40","40","90.59429168701172","90.59429168701172","90.59429168701172","","","","","",""
"4109.3798828125","","","","","","","151","151","151","63.81278610229492","63.81278610229492","63.81278610229492"
"4150.5","41","41","41","93.38751220703125","93.38751220703125","93.38751220703125","","","","","",""
"4201.43994140625","","","","","","","152","152","152","63.492671966552734","63.492671966552734","63.492671966552734"
"4250.5","42","42","42","92.79917907714844","92.79917907714844","92.79917907714844","","","","","",""
"4297.10009765625","","","","","","","153","153","153","63.22871017456055","63.22871017456055","63.22871017456055"
"4350.5","43","43","43","90.24855041503906","90.24855041503906","90.24855041503906","","","","","",""
"4391.06982421875","","","","","","","154","154","154","63.533409118652344","63.533409118652344","63.533409118652344"
"4450.5","44","44","44","95.32424926757812","95.32424926757812","95.32424926757812","","","","","",""
"4485.169921875","","","","","","","155","155","155","63.23355484008789","63.23355484008789","63.23355484008789"
"4550.5","45","45","45","92.1324462890625","92.1324462890625","92.1324462890625","","","","","",""
"4578.8798828125","","","","","","","156","156","156","63.01089859008789","63.01089859008789","63.01089859008789"
"4650.5","46","46","46","89.08901977539062","89.08901977539062","89.08901977539062","","","","","",""
"4676.06982421875","","","","","","","157","157","157","62.98948669433594","62.98948669433594","62.98948669433594"
"4750.5","47","47","47","91.27278137207031","91.27278137207031","91.27278137207031","","","","","",""
"4770.47998046875","","","","","","","158","158","158","63.17131042480469","63.17131042480469","63.17131042480469"
"4850.5","48","48","48","87.17321014404297","87.17321014404297","87.17321014404297","","","","","",""
"4863.169921875","","","","","","","159","159","159","63.35025405883789","63.35025405883789","63.35025405883789"
"4950.5","49","49","49","90.42461395263672","90.42461395263672","90.42461395263672","","","","","",""
"4960.0498046875","","","","","","","160","160","160","62.2716178894043","62.2716178894043","62.2716178894043"
"5050.5","50","50","50","92.85565185546875","92.85565185546875","92.85565185546875","","","","","",""
"5058.5498046875","","","","","","","161","161","161","62.5755500793457","62.5755500793457","62.5755500793457"
"5150.5","51","51","51","85.6362075805664","85.6362075805664","85.6362075805664","","","","","",""
"5155.7900390625","","","","","","","162","162","162","62.684364318847656","62.684364318847656","62.684364318847656"
"5250.5","52","52","52","88.0047607421875","88.0047607421875","88.0047607421875","","","","","",""
"5251.7001953125","","","","","","","163","163","163","62.80119705200195","62.80119705200195","62.80119705200195"
"5347.64013671875","","","","","","","164","164","164","62.458980560302734","62.458980560302734","62.458980560302734"
"5350.5","53","53","53","89.6493911743164","89.6493911743164","89.6493911743164","","","","","",""
"5442.0400390625","","","","","","","165","165","165","62.89727783203125","62.89727783203125","62.89727783203125"
"5450.5","54","54","54","90.41079711914062","90.41079711914062","90.41079711914062","","","","","",""
"5536.31005859375","","","","","","","166","166","166","63.23469924926758","63.23469924926758","63.23469924926758"
"5550.5","55","55","55","88.28347778320312","88.28347778320312","88.28347778320312","","","","","",""
"5632.47998046875","","","","","","","167","167","167","62.25828552246094","62.25828552246094","62.25828552246094"
"5650.5","56","56","56","85.59711456298828","85.59711456298828","85.59711456298828","","","","","",""
"5730.75","","","","","","","168","168","168","62.27900695800781","62.27900695800781","62.27900695800781"
"5750.5","57","57","57","87.85069274902344","87.85069274902344","87.85069274902344","","","","","",""
"5827.080078125","","","","","","","169","169","169","63.008644104003906","63.008644104003906","63.008644104003906"
"5850.5","58","58","58","85.85941314697266","85.85941314697266","85.85941314697266","","","","","",""
"5922.16015625","","","","","","","170","170","170","62.39897155761719","62.39897155761719","62.39897155761719"
"5950.5","59","59","59","86.31927490234375","86.31927490234375","86.31927490234375","","","","","",""
"6019.60986328125","","","","","","","171","171","171","61.94065856933594","61.94065856933594","61.94065856933594"
"6050.5","60","60","60","86.42904663085938","86.42904663085938","86.42904663085938","","","","","",""
"6117.56982421875","","","","","","","172","172","172","62.505863189697266","62.505863189697266","62.505863189697266"
"6150.5","61","61","61","90.00548553466797","90.00548553466797","90.00548553466797","","","","","",""
"6213.18994140625","","","","","","","173","173","173","62.69721984863281","62.69721984863281","62.69721984863281"
"6250.5","62","62","62","79.94587707519531","79.94587707519531","79.94587707519531","","","","","",""
"6310.1201171875","","","","","","","174","174","174","61.915802001953125","61.915802001953125","61.915802001953125"
"6350.5","63","63","63","86.47541809082031","86.47541809082031","86.47541809082031","","","","","",""
"6408.5","","","","","","","175","175","175","61.62068557739258","61.62068557739258","61.62068557739258"
"6450.5","64","64","64","89.02982330322266","89.02982330322266","89.02982330322266","","","","","",""
"6507.4501953125","","","","","","","176","176","176","62.3360595703125","62.3360595703125","62.3360595703125"
"6550.5","65","65","65","87.18928527832031","87.18928527832031","87.18928527832031","","","","","",""
"6604.419921875","","","","","","","177","177","177","62.27260971069336","62.27260971069336","62.27260971069336"
"6650.5","66","66","66","83.92245483398438","83.92245483398438","83.92245483398438","","","","","",""
"6701.47998046875","","","","","","","178","178","178","62.060638427734375","62.060638427734375","62.060638427734375"
"6750.5","67","67","67","82.31878662109375","82.31878662109375","82.31878662109375","","","","","",""
"6800.5","","","","","","","179","179","179","61.488304138183594","61.488304138183594","61.488304138183594"
"6850.5","68","68","68","81.28197479248047","81.28197479248047","81.28197479248047","","","","","",""
"6900.009765625","","","","","","","180","180","180","62.0189323425293","62.0189323425293","62.0189323425293"
"6950.5","69","69","69","83.19075775146484","83.19075775146484","83.19075775146484","","","","","",""
"6998.47998046875","","","","","","","181","181","181","61.7337532043457","61.7337532043457","61.7337532043457"
"7050.5","70","70","70","83.76615905761719","83.76615905761719","83.76615905761719","","","","","",""
"7095.85009765625","","","","","","","182","182","182","62.1759147644043","62.1759147644043","62.1759147644043"
"7150.5","71","71","71","83.44383239746094","83.44383239746094","83.44383239746094","","","","","",""
"7193.759765625","","","","","","","183","183","183","61.884666442871094","61.884666442871094","61.884666442871094"
"7250.5","72","72","72","78.60676574707031","78.60676574707031","78.60676574707031","","","","","",""
"7292.490234375","","","","","","","184","184","184","61.76319122314453","61.76319122314453","61.76319122314453"
"7350.5","73","73","73","79.89240264892578","79.89240264892578","79.89240264892578","","","","","",""
"7389.14013671875","","","","","","","185","185","185","62.31001663208008","62.31001663208008","62.31001663208008"
"7450.5","74","74","74","84.62860107421875","84.62860107421875","84.62860107421875","","","","","",""
"7485.83984375","","","","","","","186","186","186","61.66537094116211","61.66537094116211","61.66537094116211"
"7550.5","75","75","75","88.72676086425781","88.72676086425781","88.72676086425781","","","","","",""
"7583.52001953125","","","","","","","187","187","187","62.315792083740234","62.315792083740234","62.315792083740234"
"7650.5","76","76","76","82.21807098388672","82.21807098388672","82.21807098388672","","","","","",""
"7680.009765625","","","","","","","188","188","188","61.815303802490234","61.815303802490234","61.815303802490234"
"7750.5","77","77","77","80.04534912109375","80.04534912109375","80.04534912109375","","","","","",""
"7779.43017578125","","","","","","","189","189","189","61.802215576171875","61.802215576171875","61.802215576171875"
"7850.5","78","78","78","79.44092559814453","79.44092559814453","79.44092559814453","","","","","",""
"7877.2001953125","","","","","","","190","190","190","62.4451904296875","62.4451904296875","62.4451904296875"
"7950.5","79","79","79","78.67855834960938","78.67855834960938","78.67855834960938","","","","","",""
"7975.14013671875","","","","","","","191","191","191","61.87113571166992","61.87113571166992","61.87113571166992"
"8050.5","80","80","80","79.66253662109375","79.66253662109375","79.66253662109375","","","","","",""
"8074.02001953125","","","","","","","192","192","192","61.82016372680664","61.82016372680664","61.82016372680664"
"8150.5","81","81","81","79.84746551513672","79.84746551513672","79.84746551513672","","","","","",""
"8170.43017578125","","","","","","","193","193","193","62.12291717529297","62.12291717529297","62.12291717529297"
"8250.5","82","82","82","81.51435852050781","81.51435852050781","81.51435852050781","","","","","",""
"8269","","","","","","","194","194","194","61.71567916870117","61.71567916870117","61.71567916870117"
"8350.5","83","83","83","79.84288024902344","79.84288024902344","79.84288024902344","","","","","",""
"8368.5","","","","","","","195","195","195","61.33634948730469","61.33634948730469","61.33634948730469"
"8450.5","84","84","84","85.72888946533203","85.72888946533203","85.72888946533203","","","","","",""
"8468.5","","","","","","","196","196","196","61.81645584106445","61.81645584106445","61.81645584106445"
"8550.5","85","85","85","83.07056427001953","83.07056427001953","83.07056427001953","","","","","",""
"8568.5","","","","","","","197","197","197","61.47874069213867","61.47874069213867","61.47874069213867"
"8650.5","86","86","86","77.5193862915039","77.5193862915039","77.5193862915039","","","","","",""
"8668.5","","","","","","","198","198","198","61.58615493774414","61.58615493774414","61.58615493774414"
"8750.5","87","87","87","78.52152252197266","78.52152252197266","78.52152252197266","","","","","",""
"8767.7900390625","","","","","","","199","199","199","61.65689468383789","61.65689468383789","61.65689468383789"
"8850.5","88","88","88","78.86598205566406","78.86598205566406","78.86598205566406","","","","","",""
"8867.3603515625","","","","","","","200","200","200","62.030086517333984","62.030086517333984","62.030086517333984"
"8950.5","89","89","89","77.0663070678711","77.0663070678711","77.0663070678711","","","","","",""
"8965.5","","","","","","","201","201","201","61.526145935058594","61.526145935058594","61.526145935058594"
"9050.5","90","90","90","77.8674087524414","77.8674087524414","77.8674087524414","","","","","",""
"9065.5","","","","","","","202","202","202","61.51727294921875","61.51727294921875","61.51727294921875"
"9150.5","91","91","91","76.9525146484375","76.9525146484375","76.9525146484375","","","","","",""
"9164.7001953125","","","","","","","203","203","203","61.52696228027344","61.52696228027344","61.52696228027344"
"9250.5","92","92","92","80.22454071044922","80.22454071044922","80.22454071044922","","","","","",""
"9263.8701171875","","","","","","","204","204","204","61.71504592895508","61.71504592895508","61.71504592895508"
"9350.5","93","93","93","76.95594787597656","76.95594787597656","76.95594787597656","","","","","",""
"9362.5","","","","","","","205","205","205","61.38395690917969","61.38395690917969","61.38395690917969"
"9450.5","94","94","94","77.87525177001953","77.87525177001953","77.87525177001953","","","","","",""
"9461.0302734375","","","","","","","206","206","206","61.84002685546875","61.84002685546875","61.84002685546875"
"9550.5","95","95","95","77.72300720214844","77.72300720214844","77.72300720214844","","","","","",""
"9559.6103515625","","","","","","","207","207","207","61.56803512573242","61.56803512573242","61.56803512573242"
"9650.5","96","96","96","77.60243225097656","77.60243225097656","77.60243225097656","","","","","",""
"9659.5","","","","","","","208","208","208","61.48279571533203","61.48279571533203","61.48279571533203"
"9750.5","97","97","97","75.79994201660156","75.79994201660156","75.79994201660156","","","","","",""
"9759.5","","","","","","","209","209","209","61.58124542236328","61.58124542236328","61.58124542236328"
"9850.5","98","98","98","77.63497924804688","77.63497924804688","77.63497924804688","","","","","",""
"9859.5","","","","","","","210","210","210","61.33634948730469","61.33634948730469","61.33634948730469"
"9950.5","99","99","99","76.5534439086914","76.5534439086914","76.5534439086914","","","","","",""
"9959.349609375","","","","","","","211","211","211","61.51592254638672","61.51592254638672","61.51592254638672"
"10050.5","100","100","100","74.49632263183594","74.49632263183594","74.49632263183594","","","","","",""
"10058.1201171875","","","","","","","212","212","212","61.519371032714844","61.519371032714844","61.519371032714844"
"10150.5","101","101","101","76.68864440917969","76.68864440917969","76.68864440917969","","","","","",""
"10157.5","","","","","","","213","213","213","61.43068313598633","61.43068313598633","61.43068313598633"
"10250.5","102","102","102","75.49649047851562","75.49649047851562","75.49649047851562","","","","","",""
"10256.8896484375","","","","","","","214","214","214","61.577213287353516","61.577213287353516","61.577213287353516"
"10350.5","103","103","103","75.4635009765625","75.4635009765625","75.4635009765625","","","","","",""
"10355.7802734375","","","","","","","215","215","215","61.62488555908203","61.62488555908203","61.62488555908203"
"10450.5","104","104","104","79.1786117553711","79.1786117553711","79.1786117553711","","","","","",""
"10454.5302734375","","","","","","","216","216","216","61.57722091674805","61.57722091674805","61.57722091674805"
"10550.5","105","105","105","76.36971282958984","76.36971282958984","76.36971282958984","","","","","",""
"10553.23046875","","","","","","","217","217","217","61.81987762451172","61.81987762451172","61.81987762451172"
"10650.5","106","106","106","76.42376708984375","76.42376708984375","76.42376708984375","","","","","",""
"10652.5","","","","","","","218","218","218","61.75831985473633","61.75831985473633","61.75831985473633"
"10750.5","107","107","107","75.5754623413086","75.5754623413086","75.5754623413086","","","","","",""
"10752.1796875","","","","","","","219","219","219","61.623802185058594","61.623802185058594","61.623802185058594"
"10850.5","108","108","108","74.01305389404297","74.01305389404297","74.01305389404297","","","","","",""
"10851.5","","","","","","","220","220","220","61.3798828125","61.3798828125","61.3798828125"
"10950.5","109","109","109","75.41957092285156","75.41957092285156","75.41957092285156","","","","","",""
"10951.5","","","","","","","221","221","221","61.47929763793945","61.47929763793945","61.47929763793945"
"11049.73046875","","","","","","","222","222","222","61.670040130615234","61.670040130615234","61.670040130615234"
"11050.5","110","110","110","73.29295349121094","73.29295349121094","73.29295349121094","","","","","",""
"11148.08984375","","","","","","","223","223","223","61.7464714050293","61.7464714050293","61.7464714050293"
"11150.5","111","111","111","74.52762603759766","74.52762603759766","74.52762603759766","","","","","",""
"11247.5","","","","","","","224","224","224","61.61479949951172","61.61479949951172","61.61479949951172"
"11250.5","112","112","112","74.27754974365234","74.27754974365234","74.27754974365234","","","","","",""
"11347.5","","","","","","","225","225","225","61.38068389892578","61.38068389892578","61.38068389892578"
"11350.5","113","113","113","74.1142807006836","74.1142807006836","74.1142807006836","","","","","",""
"11447.5","","","","","","","226","226","226","61.49129104614258","61.49129104614258","61.49129104614258"
"11450.5","114","114","114","74.11235809326172","74.11235809326172","74.11235809326172","","","","","",""
"11547.5","","","","","","","227","227","227","61.38407897949219","61.38407897949219","61.38407897949219"
"11550.5","115","115","115","71.6539306640625","71.6539306640625","71.6539306640625","","","","","",""
"11647.5","","","","","","","228","228","228","61.38407897949219","61.38407897949219","61.38407897949219"
"11650.5","116","116","116","74.77900695800781","74.77900695800781","74.77900695800781","","","","","",""
"11747.5","","","","","","","229","229","229","61.43101119995117","61.43101119995117","61.43101119995117"
"11750.5","117","117","117","73.02210998535156","73.02210998535156","73.02210998535156","","","","","",""
"11846.650390625","","","","","","","230","230","230","61.92344284057617","61.92344284057617","61.92344284057617"
"11850.5","118","118","118","73.52239990234375","73.52239990234375","73.52239990234375","","","","","",""
"11945.009765625","","","","","","","231","231","231","61.70456314086914","61.70456314086914","61.70456314086914"
"11950.5","119","119","119","71.04931640625","71.04931640625","71.04931640625","","","","","",""
"12043.5","","","","","","","232","232","232","61.47874069213867","61.47874069213867","61.47874069213867"
"12050.5","120","120","120","71.02035522460938","71.02035522460938","71.02035522460938","","","","","",""
"12142.7197265625","","","","","","","233","233","233","61.63873291015625","61.63873291015625","61.63873291015625"
"12150.5","121","121","121","66.9996566772461","66.9996566772461","66.9996566772461","","","","","",""
"12242.5","","","","","","","234","234","234","61.42341613769531","61.42341613769531","61.42341613769531"
"12250.5","122","122","122","68.24100494384766","68.24100494384766","68.24100494384766","","","","","",""
"12342.5","","","","","","","235","235","235","61.384761810302734","61.384761810302734","61.384761810302734"
"12350.5","123","123","123","70.69264221191406","70.69264221191406","70.69264221191406","","","","","",""
"12442.5","","","","","","","236","236","236","61.473533630371094","61.473533630371094","61.473533630371094"
"12450.5","124","124","124","69.06886291503906","69.06886291503906","69.06886291503906","","","","","",""
"12542.5","","","","","","","237","237","237","61.529842376708984","61.529842376708984","61.529842376708984"
"12550.5","125","125","125","67.65668487548828","67.65668487548828","67.65668487548828","","","","","",""
"12642.5","","","","","","","238","238","238","61.33634948730469","61.33634948730469","61.33634948730469"
"12650.5","126","126","126","64.19181060791016","64.19181060791016","64.19181060791016","","","","","",""
"12741.8203125","","","","","","","239","239","239","61.584312438964844","61.584312438964844","61.584312438964844"
"12750.5","127","127","127","65.72830963134766","65.72830963134766","65.72830963134766","","","","","",""
"12840.6201171875","","","","","","","240","240","240","61.52605056762695","61.52605056762695","61.52605056762695"
"12850.5","128","128","128","65.78704071044922","65.78704071044922","65.78704071044922","","","","","",""
"12940.4296875","","","","","","","241","241","241","61.57339859008789","61.57339859008789","61.57339859008789"
"12950.5","129","129","129","65.64617156982422","65.64617156982422","65.64617156982422","","","","","",""
"13038.91015625","","","","","","","242","242","242","61.61931228637695","61.61931228637695","61.61931228637695"
"13050.5","130","130","130","64.5937271118164","64.5937271118164","64.5937271118164","","","","","",""
"13138.5","","","","","","","243","243","243","61.383277893066406","61.383277893066406","61.383277893066406"
"13150.5","131","131","131","64.37938690185547","64.37938690185547","64.37938690185547","","","","","",""
"13238.5","","","","","","","244","244","244","61.38407897949219","61.38407897949219","61.38407897949219"
"13250.5","132","132","132","64.62071990966797","64.62071990966797","64.62071990966797","","","","","",""
"13338.5","","","","","","","245","245","245","61.53243637084961","61.53243637084961","61.53243637084961"
"13350.5","133","133","133","63.21604537963867","63.21604537963867","63.21604537963867","","","","","",""
"13438.419921875","","","","","","","246","246","246","61.574954986572266","61.574954986572266","61.574954986572266"
"13450.5","134","134","134","63.55183410644531","63.55183410644531","63.55183410644531","","","","","",""
"13537.490234375","","","","","","","247","247","247","61.5739631652832","61.5739631652832","61.5739631652832"
"13550.5","135","135","135","63.10368347167969","63.10368347167969","63.10368347167969","","","","","",""
"13636.5","","","","","","","248","248","248","61.38395690917969","61.38395690917969","61.38395690917969"
"13650.5","136","136","136","63.470699310302734","63.470699310302734","63.470699310302734","","","","","",""
"13735.009765625","","","","","","","249","249","249","61.916053771972656","61.916053771972656","61.916053771972656"
"13750.5","137","137","137","63.067108154296875","63.067108154296875","63.067108154296875","","","","","",""
"13832.5302734375","","","","","","","250","250","250","61.598670959472656","61.598670959472656","61.598670959472656"
"13850.5","138","138","138","62.300296783447266","62.300296783447266","62.300296783447266","","","","","",""
"13932.5","","","","","","","251","251","251","61.47773361206055","61.47773361206055","61.47773361206055"
"13950.5","139","139","139","62.45524978637695","62.45524978637695","62.45524978637695","","","","","",""
"14032.5","","","","","","","252","252","252","61.33634948730469","61.33634948730469","61.33634948730469"
"14050.5","140","140","140","62.316162109375","62.316162109375","62.316162109375","","","","","",""
"14131.83984375","","","","","","","253","253","253","61.5237922668457","61.5237922668457","61.5237922668457"
"14150.5","141","141","141","62.070526123046875","62.070526123046875","62.070526123046875","","","","","",""
"14231.349609375","","","","","","","254","254","254","61.62706756591797","61.62706756591797","61.62706756591797"
"14250.5","142","142","142","63.199745178222656","63.199745178222656","63.199745178222656","","","","","",""
"14330.33984375","","","","","","","255","255","255","61.52739715576172","61.52739715576172","61.52739715576172"
"14350.5","143","143","143","62.404300689697266","62.404300689697266","62.404300689697266","","","","","",""
"14429.01953125","","","","","","","256","256","256","61.52991485595703","61.52991485595703","61.52991485595703"
"14450.5","144","144","144","61.9495964050293","61.9495964050293","61.9495964050293","","","","","",""
"14528.150390625","","","","","","","257","257","257","61.6374626159668","61.6374626159668","61.6374626159668"
"14550.5","145","145","145","62.04582977294922","62.04582977294922","62.04582977294922","","","","","",""
"14626.6298828125","","","","","","","258","258","258","61.49020004272461","61.49020004272461","61.49020004272461"
"14650.5","146","146","146","61.44158172607422","61.44158172607422","61.44158172607422","","","","","",""
"14726.5","","","","","","","259","259","259","61.383277893066406","61.383277893066406","61.383277893066406"
"14750.5","147","147","147","61.7017822265625","61.7017822265625","61.7017822265625","","","","","",""
"14825.5595703125","","","","","","","260","260","260","61.703636169433594","61.703636169433594","61.703636169433594"
"14850.5","148","148","148","61.22032928466797","61.22032928466797","61.22032928466797","","","","","",""
"14925.5","","","","","","","261","261","261","61.533321380615234","61.533321380615234","61.533321380615234"
"14950.5","149","149","149","61.39630889892578","61.39630889892578","61.39630889892578","","","","","",""
"15025.5","","","","","","","262","262","262","61.383277893066406","61.383277893066406","61.383277893066406"
"15050.5","150","150","150","61.192848205566406","61.192848205566406","61.192848205566406","","","","","",""
"15125.5","","","","","","","263","263","263","61.38307189941406","61.38307189941406","61.38307189941406"
"15150.5","151","151","151","61.38383102416992","61.38383102416992","61.38383102416992","","","","","",""
"15225.5","","","","","","","264","264","264","61.38068389892578","61.38068389892578","61.38068389892578"
"15250.5","152","152","152","61.63640594482422","61.63640594482422","61.63640594482422","","","","","",""
"15325.5","","","","","","","265","265","265","61.33634948730469","61.33634948730469","61.33634948730469"
"15350.5","153","153","153","61.72109603881836","61.72109603881836","61.72109603881836","","","","","",""
"15425.3603515625","","","","","","","266","266","266","61.716732025146484","61.716732025146484","61.716732025146484"
"15450.5","154","154","154","61.35159683227539","61.35159683227539","61.35159683227539","","","","","",""
"15522.51953125","","","","","","","267","267","267","61.47709655761719","61.47709655761719","61.47709655761719"
"15550.5","155","155","155","61.46262741088867","61.46262741088867","61.46262741088867","","","","","",""
"15622.5","","","","","","","268","268","268","61.5305290222168","61.5305290222168","61.5305290222168"
"15650.5","156","156","156","61.51148986816406","61.51148986816406","61.51148986816406","","","","","",""
"15721.2802734375","","","","","","","269","269","269","61.76515579223633","61.76515579223633","61.76515579223633"
"15750.5","157","157","157","61.0510139465332","61.0510139465332","61.0510139465332","","","","","",""
"15820.5","","","","","","","270","270","270","61.526268005371094","61.526268005371094","61.526268005371094"
"15850.5","158","158","158","61.01331329345703","61.01331329345703","61.01331329345703","","","","","",""
"15920.5","","","","","","","271","271","271","61.33634948730469","61.33634948730469","61.33634948730469"
"15950.5","159","159","159","61.078277587890625","61.078277587890625","61.078277587890625","","","","","",""
"16020.5","","","","","","","272","272","272","61.430206298828125","61.430206298828125","61.430206298828125"
"16050.5","160","160","160","61.196929931640625","61.196929931640625","61.196929931640625","","","","","",""
"16120.5","","","","","","","273","273","273","61.52126693725586","61.52126693725586","61.52126693725586"
"16150.5","161","161","161","61.09164810180664","61.09164810180664","61.09164810180664","","","","","",""
"16219.6103515625","","","","","","","274","274","274","61.61928176879883","61.61928176879883","61.61928176879883"
"16250.5","162","162","162","61.11406707763672","61.11406707763672","61.11406707763672","","","","","",""
"16318.580078125","","","","","","","275","275","275","61.62801742553711","61.62801742553711","61.62801742553711"
"16350.5","163","163","163","61.4160270690918","61.4160270690918","61.4160270690918","","","","","",""
"16418.5","","","","","","","276","276","276","61.38407897949219","61.38407897949219","61.38407897949219"
"16450.5","164","164","164","61.17724609375","61.17724609375","61.17724609375","","","","","",""
"16518.4609375","","","","","","","277","277","277","61.533233642578125","61.533233642578125","61.533233642578125"
"16550.5","165","165","165","61.261375427246094","61.261375427246094","61.261375427246094","","","","","",""
"16617.23046875","","","","","","","278","278","278","61.7181282043457","61.7181282043457","61.7181282043457"
"16650.5","166","166","166","60.896026611328125","60.896026611328125","60.896026611328125","","","","","",""
"16715.970703125","","","","","","","279","279","279","61.7595100402832","61.7595100402832","61.7595100402832"
"16750.5","167","167","167","61.24477767944336","61.24477767944336","61.24477767944336","","","","","",""
"16814.400390625","","","","","","","280","280","280","61.56416702270508","61.56416702270508","61.56416702270508"
"16850.5","168","168","168","60.7100944519043","60.7100944519043","60.7100944519043","","","","","",""
"16913.5","","","","","","","281","281","281","61.33634948730469","61.33634948730469","61.33634948730469"
"16950.5","169","169","169","60.88008117675781","60.88008117675781","60.88008117675781","","","","","",""
"17013.5","","","","","","","282","282","282","61.383277893066406","61.383277893066406","61.383277893066406"
"17050.5","170","170","170","61.11109924316406","61.11109924316406","61.11109924316406","","","","","",""
"17113.5","","","","","","","283","283","283","61.444820404052734","61.444820404052734","61.444820404052734"
"17150.5","171","171","171","61.03901672363281","61.03901672363281","61.03901672363281","","","","","",""
"17213.5","","","","","","","284","284","284","61.47433853149414","61.47433853149414","61.47433853149414"
"17250.5","172","172","172","61.116153717041016","61.116153717041016","61.116153717041016","","","","","",""
"17313.5","","","","","","","285","285","285","61.43101119995117","61.43101119995117","61.43101119995117"
"17350.5","173","173","173","61.16408920288086","61.16408920288086","61.16408920288086","","","","","",""
"17413.140625","","","","","","","286","286","286","61.474891662597656","61.474891662597656","61.474891662597656"
"17450.5","174","174","174","60.95402526855469","60.95402526855469","60.95402526855469","","","","","",""
"17512.5","","","","","","","287","287","287","61.38068389892578","61.38068389892578","61.38068389892578"
"17550.5","175","175","175","60.79062271118164","60.79062271118164","60.79062271118164","","","","","",""
"17610.900390625","","","","","","","288","288","288","61.69876480102539","61.69876480102539","61.69876480102539"
"17650.5","176","176","176","60.87105178833008","60.87105178833008","60.87105178833008","","","","","",""
"17709.7109375","","","","","","","289","289","289","61.53460693359375","61.53460693359375","61.53460693359375"
"17750.5","177","177","177","60.84953308105469","60.84953308105469","60.84953308105469","","","","","",""
"17809.5","","","","","","","290","290","290","61.38407897949219","61.38407897949219","61.38407897949219"
"17850.5","178","178","178","60.87593078613281","60.87593078613281","60.87593078613281","","","","","",""
"17908.919921875","","","","","","","291","291","291","61.63924789428711","61.63924789428711","61.63924789428711"
"17950.5","179","179","179","60.97631072998047","60.97631072998047","60.97631072998047","","","","","",""
"18007.5","","","","","","","292","292","292","61.33634948730469","61.33634948730469","61.33634948730469"
"18050.5","180","180","180","60.72259521484375","60.72259521484375","60.72259521484375","","","","","",""
"18107.5","","","","","","","293","293","293","61.47433853149414","61.47433853149414","61.47433853149414"
"18150.5","181","181","181","60.73198318481445","60.73198318481445","60.73198318481445","","","","","",""
"18207.5","","","","","","","294","294","294","61.47602462768555","61.47602462768555","61.47602462768555"
"18250.5","182","182","182","60.70001983642578","60.70001983642578","60.70001983642578","","","","","",""
"18307.5","","","","","","","295","295","295","61.33634948730469","61.33634948730469","61.33634948730469"
"18350.5","183","183","183","60.807044982910156","60.807044982910156","60.807044982910156","","","","","",""
"18406.08984375","","","","","","","296","296","296","61.84599685668945","61.84599685668945","61.84599685668945"
"18450.5","184","184","184","60.77619552612305","60.77619552612305","60.77619552612305","","","","","",""
"18504.66015625","","","","","","","297","297","297","61.59020233154297","61.59020233154297","61.59020233154297"
"18550.5","185","185","185","60.71931838989258","60.71931838989258","60.71931838989258","","","","","",""
"18604.5","","","","","","","298","298","298","61.33634948730469","61.33634948730469","61.33634948730469"
"18650.5","186","186","186","60.76691818237305","60.76691818237305","60.76691818237305","","","","","",""
"18704.5","","","","","","","299","299","299","61.4276123046875","61.4276123046875","61.4276123046875"
"18750.5","187","187","187","60.93495559692383","60.93495559692383","60.93495559692383","","","","","",""
"18850.5","188","188","188","60.765316009521484","60.765316009521484","60.765316009521484","","","","","",""
"18950.5","189","189","189","60.651607513427734","60.651607513427734","60.651607513427734","","","","","",""
"19050.5","190","190","190","60.71725845336914","60.71725845336914","60.71725845336914","","","","","",""
"19150.5","191","191","191","60.69514083862305","60.69514083862305","60.69514083862305","","","","","",""
"19250.5","192","192","192","60.6530876159668","60.6530876159668","60.6530876159668","","","","","",""
"19350.5","193","193","193","61.18779373168945","61.18779373168945","61.18779373168945","","","","","",""
"19450.5","194","194","194","61.08704376220703","61.08704376220703","61.08704376220703","","","","","",""
"19550.5","195","195","195","60.735267639160156","60.735267639160156","60.735267639160156","","","","","",""
"19650.5","196","196","196","60.61555480957031","60.61555480957031","60.61555480957031","","","","","",""
"19750.5","197","197","197","60.61555480957031","60.61555480957031","60.61555480957031","","","","","",""
"19850.5","198","198","198","60.69062042236328","60.69062042236328","60.69062042236328","","","","","",""
"19950.5","199","199","199","60.651607513427734","60.651607513427734","60.651607513427734","","","","","",""
"20050.5","200","200","200","60.61555480957031","60.61555480957031","60.61555480957031","","","","","",""
"20150.5","201","201","201","60.65500259399414","60.65500259399414","60.65500259399414","","","","","",""
"20250.5","202","202","202","60.61555480957031","60.61555480957031","60.61555480957031","","","","","",""
"20350.5","203","203","203","60.83383560180664","60.83383560180664","60.83383560180664","","","","","",""
"20450.5","204","204","204","60.659088134765625","60.659088134765625","60.659088134765625","","","","","",""
"20550.5","205","205","205","60.685062408447266","60.685062408447266","60.685062408447266","","","","","",""
"20650.5","206","206","206","60.746826171875","60.746826171875","60.746826171875","","","","","",""
"20750.5","207","207","207","60.907203674316406","60.907203674316406","60.907203674316406","","","","","",""
"20850.5","208","208","208","60.70895004272461","60.70895004272461","60.70895004272461","","","","","",""
"20950.5","209","209","209","60.649009704589844","60.649009704589844","60.649009704589844","","","","","",""
"21050.5","210","210","210","60.61555480957031","60.61555480957031","60.61555480957031","","","","","",""
"21150.5","211","211","211","60.61555480957031","60.61555480957031","60.61555480957031","","","","","",""
"21250.5","212","212","212","60.61555480957031","60.61555480957031","60.61555480957031","","","","","",""
"21350.5","213","213","213","61.176300048828125","61.176300048828125","61.176300048828125","","","","","",""
"21450.5","214","214","214","60.65568161010742","60.65568161010742","60.65568161010742","","","","","",""
"21550.5","215","215","215","60.96883010864258","60.96883010864258","60.96883010864258","","","","","",""
"21650.5","216","216","216","60.76024627685547","60.76024627685547","60.76024627685547","","","","","",""
"21750.5","217","217","217","60.61555480957031","60.61555480957031","60.61555480957031","","","","","",""
"21850.5","218","218","218","60.61555480957031","60.61555480957031","60.61555480957031","","","","","",""
"21950.5","219","219","219","60.65500259399414","60.65500259399414","60.65500259399414","","","","","",""
"22050.5","220","220","220","60.724510192871094","60.724510192871094","60.724510192871094","","","","","",""
"22150.5","221","221","221","60.79054641723633","60.79054641723633","60.79054641723633","","","","","",""
"22250.5","222","222","222","60.61555480957031","60.61555480957031","60.61555480957031","","","","","",""
"22350.5","223","223","223","60.69062042236328","60.69062042236328","60.69062042236328","","","","","",""
"22450.5","224","224","224","60.65568161010742","60.65568161010742","60.65568161010742","","","","","",""
"22550.5","225","225","225","60.61555480957031","60.61555480957031","60.61555480957031","","","","","",""
"22650.5","226","226","226","60.65240478515625","60.65240478515625","60.65240478515625","","","","","",""
"22750.5","227","227","227","60.70962905883789","60.70962905883789","60.70962905883789","","","","","",""
"22850.5","228","228","228","60.65500259399414","60.65500259399414","60.65500259399414","","","","","",""
"22950.5","229","229","229","60.72259521484375","60.72259521484375","60.72259521484375","","","","","",""
"23050.5","230","230","230","60.68654251098633","60.68654251098633","60.68654251098633","","","","","",""
"23150.5","231","231","231","60.7783088684082","60.7783088684082","60.7783088684082","","","","","",""
"23250.5","232","232","232","60.80902862548828","60.80902862548828","60.80902862548828","","","","","",""
"23350.5","233","233","233","60.61555480957031","60.61555480957031","60.61555480957031","","","","","",""
"23450.5","234","234","234","60.61555480957031","60.61555480957031","60.61555480957031","","","","","",""
"23550.5","235","235","235","60.72111511230469","60.72111511230469","60.72111511230469","","","","","",""
"23650.5","236","236","236","60.68246841430664","60.68246841430664","60.68246841430664","","","","","",""
"23750.5","237","237","237","60.61555480957031","60.61555480957031","60.61555480957031","","","","","",""
"23850.5","238","238","238","60.76617431640625","60.76617431640625","60.76617431640625","","","","","",""
"23950.5","239","239","239","60.649009704589844","60.649009704589844","60.649009704589844","","","","","",""
"24050.5","240","240","240","60.61555480957031","60.61555480957031","60.61555480957031","","","","","",""
"24150.5","241","241","241","60.70962905883789","60.70962905883789","60.70962905883789","","","","","",""
"24250.5","242","242","242","60.67549514770508","60.67549514770508","60.67549514770508","","","","","",""
"24350.5","243","243","243","60.7185173034668","60.7185173034668","60.7185173034668","","","","","",""
"24450.5","244","244","244","60.651607513427734","60.651607513427734","60.651607513427734","","","","","",""
"24550.5","245","245","245","60.61555480957031","60.61555480957031","60.61555480957031","","","","","",""
"24650.5","246","246","246","60.78430938720703","60.78430938720703","60.78430938720703","","","","","",""
"24750.5","247","247","247","60.68845748901367","60.68845748901367","60.68845748901367","","","","","",""
"24850.5","248","248","248","60.66787338256836","60.66787338256836","60.66787338256836","","","","","",""
"24950.5","249","249","249","60.61555480957031","60.61555480957031","60.61555480957031","","","","","",""
"25050.5","250","250","250","60.61555480957031","60.61555480957031","60.61555480957031","","","","","",""
"25150.5","251","251","251","60.649009704589844","60.649009704589844","60.649009704589844","","","","","",""
"25250.5","252","252","252","60.61555480957031","60.61555480957031","60.61555480957031","","","","","",""
"25350.5","253","253","253","60.61555480957031","60.61555480957031","60.61555480957031","","","","","",""
"25450.5","254","254","254","60.61555480957031","60.61555480957031","60.61555480957031","","","","","",""
"25550.5","255","255","255","60.61555480957031","60.61555480957031","60.61555480957031","","","","","",""
"25650.5","256","256","256","60.61555480957031","60.61555480957031","60.61555480957031","","","","","",""
"25750.5","257","257","257","60.61555480957031","60.61555480957031","60.61555480957031","","","","","",""
"25850.5","258","258","258","60.651607513427734","60.651607513427734","60.651607513427734","","","","","",""
"25950.5","259","259","259","60.77811050415039","60.77811050415039","60.77811050415039","","","","","",""
"26050.5","260","260","260","60.72370910644531","60.72370910644531","60.72370910644531","","","","","",""
"26150.5","261","261","261","60.61555480957031","60.61555480957031","60.61555480957031","","","","","",""
"26250.5","262","262","262","60.65500259399414","60.65500259399414","60.65500259399414","","","","","",""
"26350.5","263","263","263","60.68845748901367","60.68845748901367","60.68845748901367","","","","","",""
"26450.5","264","264","264","60.61555480957031","60.61555480957031","60.61555480957031","","","","","",""
"26550.5","265","265","265","60.61555480957031","60.61555480957031","60.61555480957031","","","","","",""
"26650.5","266","266","266","60.659088134765625","60.659088134765625","60.659088134765625","","","","","",""
"26750.5","267","267","267","60.61555480957031","60.61555480957031","60.61555480957031","","","","","",""
"26850.5","268","268","268","60.61555480957031","60.61555480957031","60.61555480957031","","","","","",""
"26950.5","269","269","269","60.61555480957031","60.61555480957031","60.61555480957031","","","","","",""
"27050.5","270","270","270","60.61555480957031","60.61555480957031","60.61555480957031","","","","","",""
"27150.5","271","271","271","60.61555480957031","60.61555480957031","60.61555480957031","","","","","",""
"27250.5","272","272","272","60.61555480957031","60.61555480957031","60.61555480957031","","","","","",""
"27350.5","273","273","273","60.61555480957031","60.61555480957031","60.61555480957031","","","","","",""
"27450.5","274","274","274","60.871150970458984","60.871150970458984","60.871150970458984","","","","","",""
"27550.5","275","275","275","60.672096252441406","60.672096252441406","60.672096252441406","","","","","",""
"27650.5","276","276","276","60.67194747924805","60.67194747924805","60.67194747924805","","","","","",""
"27750.5","277","277","277","60.70392608642578","60.70392608642578","60.70392608642578","","","","","",""
"27850.5","278","278","278","60.61555480957031","60.61555480957031","60.61555480957031","","","","","",""
"27950.5","279","279","279","60.65500259399414","60.65500259399414","60.65500259399414","","","","","",""
"28050.5","280","280","280","60.61555480957031","60.61555480957031","60.61555480957031","","","","","",""
"28150.5","281","281","281","60.61555480957031","60.61555480957031","60.61555480957031","","","","","",""
"28250.5","282","282","282","60.61555480957031","60.61555480957031","60.61555480957031","","","","","",""
"28350.5","283","283","283","60.61555480957031","60.61555480957031","60.61555480957031","","","","","",""
"28450.5","284","284","284","60.61555480957031","60.61555480957031","60.61555480957031","","","","","",""
"28550.5","285","285","285","60.61555480957031","60.61555480957031","60.61555480957031","","","","","",""
"28650.5","286","286","286","60.61555480957031","60.61555480957031","60.61555480957031","","","","","",""
"28750.5","287","287","287","60.61555480957031","60.61555480957031","60.61555480957031","","","","","",""
"28850.5","288","288","288","60.649009704589844","60.649009704589844","60.649009704589844","","","","","",""
"28950.5","289","289","289","60.651607513427734","60.651607513427734","60.651607513427734","","","","","",""
"29050.5","290","290","290","60.61555480957031","60.61555480957031","60.61555480957031","","","","","",""
"29150.5","291","291","291","60.65240478515625","60.65240478515625","60.65240478515625","","","","","",""
"29250.5","292","292","292","60.711544036865234","60.711544036865234","60.711544036865234","","","","","",""
"29350.5","293","293","293","60.61555480957031","60.61555480957031","60.61555480957031","","","","","",""
"29450.5","294","294","294","60.67194747924805","60.67194747924805","60.67194747924805","","","","","",""
"29550.5","295","295","295","60.61555480957031","60.61555480957031","60.61555480957031","","","","","",""
"29650.5","296","296","296","60.65568161010742","60.65568161010742","60.65568161010742","","","","","",""
"29750.5","297","297","297","60.6530876159668","60.6530876159668","60.6530876159668","","","","","",""
"29850.5","298","298","298","60.68913650512695","60.68913650512695","60.68913650512695","","","","","",""
"29950.5","299","299","299","60.672096252441406","60.672096252441406","60.672096252441406","","","","","",""