"ray/tune/info/num_steps_sampled","threshold_type: 7 - _step","threshold_type: 7 - _step__MIN","threshold_type: 7 - _step__MAX","threshold_type: 7 - ray/tune/custom_metrics/is_step_in_real_mean","threshold_type: 7 - ray/tune/custom_metrics/is_step_in_real_mean__MIN","threshold_type: 7 - ray/tune/custom_metrics/is_step_in_real_mean__MAX","threshold_type: 5 - _step","threshold_type: 5 - _step__MIN","threshold_type: 5 - _step__MAX","threshold_type: 5 - ray/tune/custom_metrics/is_step_in_real_mean","threshold_type: 5 - ray/tune/custom_metrics/is_step_in_real_mean__MIN","threshold_type: 5 - ray/tune/custom_metrics/is_step_in_real_mean__MAX","threshold_type: 3 - _step","threshold_type: 3 - _step__MIN","threshold_type: 3 - _step__MAX","threshold_type: 3 - ray/tune/custom_metrics/is_step_in_real_mean","threshold_type: 3 - ray/tune/custom_metrics/is_step_in_real_mean__MIN","threshold_type: 3 - ray/tune/custom_metrics/is_step_in_real_mean__MAX","threshold_type: 1 - _step","threshold_type: 1 - _step__MIN","threshold_type: 1 - _step__MAX","threshold_type: 1 - ray/tune/custom_metrics/is_step_in_real_mean","threshold_type: 1 - ray/tune/custom_metrics/is_step_in_real_mean__MIN","threshold_type: 1 - ray/tune/custom_metrics/is_step_in_real_mean__MAX"
"100","0","0","0","0.029999999701976775","0.009999999776482582","0.05000000074505806","0","0","0","0.0019999999552965165","0","0.009999999776482582","0","0","0","0","0","0","0","0","0","0","0","0"
"200","1","1","1","0.029999999701976775","0.009999999776482582","0.05000000074505806","1","1","1","0","0","0","1","1","1","0","0","0","1","1","1","0","0","0"
"300","2","2","2","0.013999999687075614","0","0.029999999329447746","2","2","2","0.007999999821186066","0","0.019999999552965164","2","2","2","0","0","0","2","2","2","0","0","0"
"400","3","3","3","0.019999999552965164","0.009999999776482582","0.029999999329447746","3","3","3","0.003999999910593033","0","0.009999999776482582","3","3","3","0","0","0","3","3","3","0","0","0"
"500","4","4","4","0.03399999924004078","0.009999999776482582","0.07999999821186066","4","4","4","0.005999999865889549","0","0.009999999776482582","4","4","4","0","0","0","4","4","4","0","0","0"
"600","5","5","5","0.04399999938905239","0.029999999329447746","0.05999999865889549","5","5","5","0.003999999910593033","0","0.009999999776482582","5","5","5","0","0","0","5","5","5","0","0","0"
"700","6","6","6","0.04999999888241291","0.009999999776482582","0.07999999821186066","6","6","6","0.007999999821186066","0","0.019999999552965164","6","6","6","0","0","0","6","6","6","0","0","0"
"800","7","7","7","0.03399999961256981","0.009999999776482582","0.05000000074505806","7","7","7","0.003999999910593033","0","0.009999999776482582","7","7","7","0","0","0","7","7","7","0","0","0"
"900","8","8","8","0.03599999994039536","0","0.07000000029802322","8","8","8","0.003999999910593033","0","0.009999999776482582","8","8","8","0","0","0","8","8","8","0","0","0"
"1000","9","9","9","0.03999999947845936","0.029999999329447746","0.05999999865889549","9","9","9","0.003999999910593033","0","0.009999999776482582","9","9","9","0","0","0","9","9","9","0","0","0"
"1100","10","10","10","0.03599999919533729","0.029999999329447746","0.03999999910593033","10","10","10","0.005999999865889549","0","0.019999999552965164","10","10","10","0","0","0","10","10","10","0","0","0"
"1200","11","11","11","0.025999999791383743","0.009999999776482582","0.05000000074505806","11","11","11","0","0","0","11","11","11","0","0","0","11","11","11","0","0","0"
"1300","12","12","12","0.019999999925494193","0","0.05000000074505806","12","12","12","0.005999999865889549","0","0.019999999552965164","12","12","12","0","0","0","12","12","12","0","0","0"
"1400","13","13","13","0.03999999947845936","0.019999999552965164","0.05999999865889549","13","13","13","0.003999999910593033","0","0.019999999552965164","13","13","13","0","0","0","13","13","13","0","0","0"
"1500","14","14","14","0.04799999929964542","0.029999999329447746","0.07999999821186066","14","14","14","0.003999999910593033","0","0.009999999776482582","14","14","14","0","0","0","14","14","14","0.0019999999552965165","0","0.009999999776482582"
"1600","15","15","15","0.03399999961256981","0.019999999552965164","0.05000000074505806","15","15","15","0.007999999821186066","0","0.019999999552965164","15","15","15","0","0","0","15","15","15","0","0","0"
"1700","16","16","16","0.04400000013411045","0.029999999329447746","0.05000000074505806","16","16","16","0.009999999776482582","0","0.029999999329447746","16","16","16","0.0019999999552965165","0","0.009999999776482582","16","16","16","0","0","0"
"1800","17","17","17","0.047999999672174457","0.019999999552965164","0.10000000149011612","17","17","17","0.005999999865889549","0","0.009999999776482582","17","17","17","0","0","0","17","17","17","0","0","0"
"1900","18","18","18","0.03399999961256981","0.019999999552965164","0.05000000074505806","18","18","18","0.003999999910593033","0","0.009999999776482582","18","18","18","0","0","0","18","18","18","0","0","0"
"2000","19","19","19","0.04000000022351742","0.009999999776482582","0.07000000029802322","19","19","19","0.007999999821186066","0","0.019999999552965164","19","19","19","0","0","0","19","19","19","0","0","0"
"2100","20","20","20","0.039999999850988385","0.019999999552965164","0.05000000074505806","20","20","20","0.005999999865889549","0","0.019999999552965164","20","20","20","0","0","0","20","20","20","0","0","0"
"2200","21","21","21","0.04599999971687794","0.029999999329447746","0.07000000029802322","21","21","21","0.003999999910593033","0","0.009999999776482582","21","21","21","0.0019999999552965165","0","0.009999999776482582","21","21","21","0","0","0"
"2300","22","22","22","0.025999999418854714","0.009999999776482582","0.03999999910593033","22","22","22","0.0019999999552965165","0","0.009999999776482582","22","22","22","0","0","0","22","22","22","0","0","0"
"2400","23","23","23","0.03999999947845936","0","0.05999999865889549","23","23","23","0.0019999999552965165","0","0.009999999776482582","23","23","23","0","0","0","23","23","23","0","0","0"
"2500","24","24","24","0.03799999915063381","0.019999999552965164","0.05999999865889549","24","24","24","0.007999999821186066","0","0.019999999552965164","24","24","24","0.0019999999552965165","0","0.009999999776482582","24","24","24","0","0","0"
"2600","25","25","25","0.03599999919533729","0.009999999776482582","0.05999999865889549","25","25","25","0.003999999910593033","0","0.009999999776482582","25","25","25","0.0019999999552965165","0","0.009999999776482582","25","25","25","0","0","0"
"2700","26","26","26","0.04599999934434891","0.019999999552965164","0.07000000029802322","26","26","26","0.005999999865889549","0","0.009999999776482582","26","26","26","0","0","0","26","26","26","0","0","0"
"2800","27","27","27","0.03199999965727329","0.019999999552965164","0.05000000074505806","27","27","27","0.011999999731779098","0","0.029999999329447746","27","27","27","0","0","0","27","27","27","0","0","0"
"2900","28","28","28","0.05999999940395355","0.019999999552965164","0.07999999821186066","28","28","28","0.009999999776482582","0","0.029999999329447746","28","28","28","0","0","0","28","28","28","0","0","0"
"3000","29","29","29","0.031999999284744264","0.009999999776482582","0.05999999865889549","29","29","29","0.005999999865889549","0","0.009999999776482582","29","29","29","0.003999999910593033","0","0.009999999776482582","29","29","29","0","0","0"
"3100","30","30","30","0.03999999947845936","0.019999999552965164","0.07999999821186066","30","30","30","0.005999999865889549","0","0.019999999552965164","30","30","30","0","0","0","30","30","30","0","0","0"
"3200","31","31","31","0.0419999998062849","0.019999999552965164","0.07000000029802322","31","31","31","0.005999999865889549","0","0.019999999552965164","31","31","31","0","0","0","31","31","31","0","0","0"
"3300","32","32","32","0.04399999938905239","0.009999999776482582","0.05999999865889549","32","32","32","0.003999999910593033","0","0.009999999776482582","32","32","32","0.0019999999552965165","0","0.009999999776482582","32","32","32","0","0","0"
"3400","33","33","33","0.030000000074505807","0.009999999776482582","0.05000000074505806","33","33","33","0.005999999865889549","0","0.009999999776482582","33","33","33","0.0019999999552965165","0","0.009999999776482582","33","33","33","0","0","0"
"3500","34","34","34","0.03599999919533729","0.009999999776482582","0.05999999865889549","34","34","34","0.011999999731779098","0","0.019999999552965164","34","34","34","0","0","0","34","34","34","0","0","0"
"3600","35","35","35","0.041999999433755875","0.009999999776482582","0.07999999821186066","35","35","35","0.0019999999552965165","0","0.009999999776482582","35","35","35","0","0","0","35","35","35","0","0","0"
"3700","36","36","36","0.03999999947845936","0.009999999776482582","0.05999999865889549","36","36","36","0.011999999731779098","0","0.019999999552965164","36","36","36","0","0","0","36","36","36","0","0","0"
"3800","37","37","37","0.0419999998062849","0.029999999329447746","0.05000000074505806","37","37","37","0.005999999865889549","0","0.019999999552965164","37","37","37","0","0","0","37","37","37","0","0","0"
"3900","38","38","38","0.04399999938905239","0.029999999329447746","0.05999999865889549","38","38","38","0.005999999865889549","0","0.019999999552965164","38","38","38","0","0","0","38","38","38","0","0","0"
"4000","39","39","39","0.04999999962747097","0.029999999329447746","0.05999999865889549","39","39","39","0.011999999731779098","0","0.029999999329447746","39","39","39","0.0019999999552965165","0","0.009999999776482582","39","39","39","0","0","0"
"4100","40","40","40","0.037999999895691874","0.019999999552965164","0.07000000029802322","40","40","40","0.005999999865889549","0","0.019999999552965164","40","40","40","0","0","0","40","40","40","0","0","0"
"4200","41","41","41","0.056000000610947606","0.029999999329447746","0.09000000357627869","41","41","41","0.003999999910593033","0","0.019999999552965164","41","41","41","0","0","0","41","41","41","0","0","0"
"4300","42","42","42","0.03599999919533729","0.029999999329447746","0.03999999910593033","42","42","42","0.007999999821186066","0","0.019999999552965164","42","42","42","0","0","0","42","42","42","0.0019999999552965165","0","0.009999999776482582"
"4400","43","43","43","0.04599999934434891","0.029999999329447746","0.07000000029802322","43","43","43","0.003999999910593033","0","0.019999999552965164","43","43","43","0.0019999999552965165","0","0.009999999776482582","43","43","43","0","0","0"
"4500","44","44","44","0.05999999865889549","0.03999999910593033","0.07999999821186066","44","44","44","0.009999999776482582","0","0.019999999552965164","44","44","44","0","0","0","44","44","44","0","0","0"
"4600","45","45","45","0.03799999952316284","0.029999999329447746","0.05000000074505806","45","45","45","0.009999999776482582","0","0.019999999552965164","45","45","45","0","0","0","45","45","45","0","0","0"
"4700","46","46","46","0.045999998971819875","0.019999999552965164","0.07999999821186066","46","46","46","0.003999999910593033","0","0.019999999552965164","46","46","46","0","0","0","46","46","46","0","0","0"
"4800","47","47","47","0.0419999998062849","0.019999999552965164","0.07000000029802322","47","47","47","0.0019999999552965165","0","0.009999999776482582","47","47","47","0","0","0","47","47","47","0","0","0"
"4900","48","48","48","0.04400000013411045","0.019999999552965164","0.07000000029802322","48","48","48","0.013999999687075614","0","0.029999999329447746","48","48","48","0","0","0","48","48","48","0","0","0"
"5000","49","49","49","0.04999999925494194","0.019999999552965164","0.07999999821186066","49","49","49","0.005999999865889549","0","0.009999999776482582","49","49","49","0.0019999999552965165","0","0.009999999776482582","49","49","49","0","0","0"
"5100","50","50","50","0.05599999949336052","0.03999999910593033","0.07000000029802322","50","50","50","0.007999999821186066","0","0.019999999552965164","50","50","50","0","0","0","50","50","50","0","0","0"
"5200","51","51","51","0.05599999986588955","0.029999999329447746","0.10000000149011612","51","51","51","0.005999999865889549","0","0.019999999552965164","51","51","51","0","0","0","51","51","51","0","0","0"
"5300","52","52","52","0.0419999998062849","0.029999999329447746","0.05000000074505806","52","52","52","0.003999999910593033","0","0.009999999776482582","52","52","52","0.0019999999552965165","0","0.009999999776482582","52","52","52","0","0","0"
"5400","53","53","53","0.04399999938905239","0.009999999776482582","0.05999999865889549","53","53","53","0.009999999776482582","0","0.029999999329447746","53","53","53","0.003999999910593033","0","0.009999999776482582","53","53","53","0","0","0"
"5500","54","54","54","0.054000000655651095","0.03999999910593033","0.09000000357627869","54","54","54","0.009999999776482582","0","0.029999999329447746","54","54","54","0.0019999999552965165","0","0.009999999776482582","54","54","54","0","0","0"
"5600","55","55","55","0.05599999912083149","0.029999999329447746","0.11999999731779099","55","55","55","0.005999999865889549","0","0.009999999776482582","55","55","55","0","0","0","55","55","55","0","0","0"
"5700","56","56","56","0.05999999940395355","0.019999999552965164","0.10000000149011612","56","56","56","0.007999999821186066","0","0.019999999552965164","56","56","56","0.0019999999552965165","0","0.009999999776482582","56","56","56","0","0","0"
"5800","57","57","57","0.05399999991059303","0.03999999910593033","0.07000000029802322","57","57","57","0.009999999776482582","0","0.029999999329447746","57","57","57","0","0","0","57","57","57","0","0","0"
"5900","58","58","58","0.051999999582767485","0.019999999552965164","0.07000000029802322","58","58","58","0.011999999731779098","0","0.029999999329447746","58","58","58","0","0","0","58","58","58","0","0","0"
"6000","59","59","59","0.045999998971819875","0.029999999329447746","0.07999999821186066","59","59","59","0.009999999776482582","0","0.019999999552965164","59","59","59","0","0","0","59","59","59","0","0","0"
"6100","60","60","60","0.053999999165534975","0.019999999552965164","0.07999999821186066","60","60","60","0.009999999776482582","0","0.019999999552965164","60","60","60","0","0","0","60","60","60","0","0","0"
"6200","61","61","61","0.04400000013411045","0.019999999552965164","0.07000000029802322","61","61","61","0.009999999776482582","0","0.019999999552965164","61","61","61","0","0","0","61","61","61","0","0","0"
"6300","62","62","62","0.08400000035762786","0.07000000029802322","0.10000000149011612","62","62","62","0.011999999731779098","0","0.029999999329447746","62","62","62","0","0","0","62","62","62","0","0","0"
"6400","63","63","63","0.05599999949336052","0.03999999910593033","0.07000000029802322","63","63","63","0.005999999865889549","0","0.009999999776482582","63","63","63","0","0","0","63","63","63","0","0","0"
"6500","64","64","64","0.04999999925494194","0.019999999552965164","0.05999999865889549","64","64","64","0.009999999776482582","0","0.029999999329447746","64","64","64","0.0019999999552965165","0","0.009999999776482582","64","64","64","0","0","0"
"6600","65","65","65","0.051999999582767485","0.03999999910593033","0.07000000029802322","65","65","65","0.007999999821186066","0","0.029999999329447746","65","65","65","0","0","0","65","65","65","0","0","0"
"6700","66","66","66","0.047999999672174457","0.03999999910593033","0.05999999865889549","66","66","66","0.007999999821186066","0","0.029999999329447746","66","66","66","0","0","0","66","66","66","0","0","0"
"6800","67","67","67","0.06600000038743019","0.05000000074505806","0.09000000357627869","67","67","67","0.007999999821186066","0","0.029999999329447746","67","67","67","0","0","0","67","67","67","0","0","0"
"6900","68","68","68","0.05999999903142452","0.019999999552965164","0.11999999731779099","68","68","68","0.0019999999552965165","0","0.009999999776482582","68","68","68","0","0","0","68","68","68","0","0","0"
"7000","69","69","69","0.0780000001192093","0.05999999865889549","0.10000000149011612","69","69","69","0.009999999776482582","0","0.029999999329447746","69","69","69","0.0019999999552965165","0","0.009999999776482582","69","69","69","0","0","0"
"7100","70","70","70","0.08200000002980232","0.05999999865889549","0.10000000149011612","70","70","70","0.011999999731779098","0","0.029999999329447746","70","70","70","0","0","0","70","70","70","0","0","0"
"7200","71","71","71","0.07999999895691871","0.05999999865889549","0.10999999940395355","71","71","71","0.007999999821186066","0","0.019999999552965164","71","71","71","0","0","0","71","71","71","0","0","0"
"7300","72","72","72","0.05199999921023846","0.019999999552965164","0.07999999821186066","72","72","72","0.007999999821186066","0","0.019999999552965164","72","72","72","0.0019999999552965165","0","0.009999999776482582","72","72","72","0","0","0"
"7400","73","73","73","0.06999999843537807","0.029999999329447746","0.12999999523162842","73","73","73","0.005999999865889549","0","0.009999999776482582","73","73","73","0.0019999999552965165","0","0.009999999776482582","73","73","73","0","0","0"
"7500","74","74","74","0.08199999928474426","0.019999999552965164","0.11999999731779099","74","74","74","0.011999999731779098","0","0.019999999552965164","74","74","74","0","0","0","74","74","74","0","0","0"
"7600","75","75","75","0.08599999994039535","0.07000000029802322","0.10999999940395355","75","75","75","0.007999999821186066","0","0.029999999329447746","75","75","75","0","0","0","75","75","75","0","0","0"
"7700","76","76","76","0.08199999928474426","0.03999999910593033","0.12999999523162842","76","76","76","0.007999999821186066","0","0.019999999552965164","76","76","76","0.0019999999552965165","0","0.009999999776482582","76","76","76","0","0","0"
"7800","77","77","77","0.04799999929964542","0.019999999552965164","0.07000000029802322","77","77","77","0.011999999731779098","0","0.029999999329447746","77","77","77","0.0019999999552965165","0","0.009999999776482582","77","77","77","0","0","0"
"7900","78","78","78","0.06799999997019768","0.05000000074505806","0.10000000149011612","78","78","78","0.009999999776482582","0","0.029999999329447746","78","78","78","0","0","0","78","78","78","0","0","0"
"8000","79","79","79","0.08599999956786633","0.029999999329447746","0.12999999523162842","79","79","79","0.013999999687075614","0","0.019999999552965164","79","79","79","0","0","0","79","79","79","0","0","0"
"8100","80","80","80","0.05999999940395355","0.03999999910593033","0.10000000149011612","80","80","80","0.013999999687075614","0.009999999776482582","0.019999999552965164","80","80","80","0","0","0","80","80","80","0","0","0"
"8200","81","81","81","0.09200000092387199","0.05000000074505806","0.12999999523162842","81","81","81","0.009999999776482582","0","0.029999999329447746","81","81","81","0","0","0","81","81","81","0","0","0"
"8300","82","82","82","0.06999999918043613","0.029999999329447746","0.11999999731779099","82","82","82","0.009999999776482582","0.009999999776482582","0.009999999776482582","82","82","82","0","0","0","82","82","82","0","0","0"
"8400","83","83","83","0.10399999991059303","0.05999999865889549","0.14000000059604645","83","83","83","0.011999999731779098","0.009999999776482582","0.019999999552965164","83","83","83","0","0","0","83","83","83","0","0","0"
"8500","84","84","84","0.08400000035762786","0.03999999910593033","0.10999999940395355","84","84","84","0.009999999776482582","0","0.019999999552965164","84","84","84","0.0019999999552965165","0","0.009999999776482582","84","84","84","0","0","0"
"8600","85","85","85","0.0880000002682209","0.05000000074505806","0.11999999731779099","85","85","85","0.019999999552965164","0.009999999776482582","0.029999999329447746","85","85","85","0.005999999865889549","0","0.009999999776482582","85","85","85","0","0","0"
"8700","86","86","86","0.07200000062584877","0.05000000074505806","0.09000000357627869","86","86","86","0.013999999687075614","0","0.019999999552965164","86","86","86","0","0","0","86","86","86","0","0","0"
"8800","87","87","87","0.06999999955296517","0.03999999910593033","0.10999999940395355","87","87","87","0.009999999776482582","0","0.019999999552965164","87","87","87","0","0","0","87","87","87","0","0","0"
"8900","88","88","88","0.10799999982118606","0.07000000029802322","0.14000000059604645","88","88","88","0.019999999552965164","0.009999999776482582","0.029999999329447746","88","88","88","0.0019999999552965165","0","0.009999999776482582","88","88","88","0","0","0"
"9000","89","89","89","0.10399999916553497","0.07000000029802322","0.1599999964237213","89","89","89","0.009999999776482582","0","0.019999999552965164","89","89","89","0.003999999910593033","0","0.009999999776482582","89","89","89","0","0","0"
"9100","90","90","90","0.12599999755620955","0.10000000149011612","0.1599999964237213","90","90","90","0.02799999937415123","0","0.05999999865889549","90","90","90","0.0019999999552965165","0","0.009999999776482582","90","90","90","0","0","0"
"9200","91","91","91","0.10200000107288361","0.03999999910593033","0.15000000596046448","91","91","91","0.02199999988079071","0","0.05000000074505806","91","91","91","0","0","0","91","91","91","0","0","0"
"9300","92","92","92","0.13399999886751174","0.10000000149011612","0.17000000178813934","92","92","92","0.03200000002980232","0.009999999776482582","0.05000000074505806","92","92","92","0.0019999999552965165","0","0.009999999776482582","92","92","92","0","0","0"
"9400","93","93","93","0.12800000011920928","0.07999999821186066","0.15000000596046448","93","93","93","0.011999999731779098","0","0.03999999910593033","93","93","93","0.005999999865889549","0","0.019999999552965164","93","93","93","0","0","0"
"9500","94","94","94","0.1300000011920929","0.10000000149011612","0.1599999964237213","94","94","94","0.031999999284744264","0.019999999552965164","0.03999999910593033","94","94","94","0.0019999999552965165","0","0.009999999776482582","94","94","94","0","0","0"
"9600","95","95","95","0.10600000023841857","0.07000000029802322","0.15000000596046448","95","95","95","0.039999999850988385","0.019999999552965164","0.07000000029802322","95","95","95","0.005999999865889549","0","0.019999999552965164","95","95","95","0","0","0"
"9700","96","96","96","0.12399999946355819","0.07999999821186066","0.15000000596046448","96","96","96","0.02799999974668026","0.009999999776482582","0.05000000074505806","96","96","96","0.007999999821186066","0","0.009999999776482582","96","96","96","0","0","0"
"9800","97","97","97","0.17000000178813934","0.15000000596046448","0.2199999988079071","97","97","97","0.053999999538064","0.019999999552965164","0.10000000149011612","97","97","97","0.017999999597668646","0","0.03999999910593033","97","97","97","0","0","0"
"9900","98","98","98","0.17400000095367432","0.15000000596046448","0.20999999344348907","98","98","98","0.04799999892711639","0","0.12999999523162842","98","98","98","0.003999999910593033","0","0.009999999776482582","98","98","98","0","0","0"
"10000","99","99","99","0.17400000393390655","0.15000000596046448","0.20999999344348907","99","99","99","0.05","0.009999999776482582","0.10999999940395355","99","99","99","0.017999999597668646","0","0.03999999910593033","99","99","99","0.0019999999552965165","0","0.009999999776482582"
"10100","100","100","100","0.19400000274181367","0.18000000715255737","0.2199999988079071","100","100","100","0.053999998793005946","0.009999999776482582","0.11999999731779099","100","100","100","0.03199999965727329","0.009999999776482582","0.07000000029802322","100","100","100","0","0","0"
"10200","101","101","101","0.231999996304512","0.20999999344348907","0.25999999046325684","101","101","101","0.07000000029802322","0.03999999910593033","0.10999999940395355","101","101","101","0.023999999836087228","0.009999999776482582","0.05000000074505806","101","101","101","0","0","0"
"10300","102","102","102","0.27999999821186067","0.20000000298023224","0.3499999940395355","102","102","102","0.12999999821186065","0.07000000029802322","0.1599999964237213","102","102","102","0.021999999508261682","0","0.03999999910593033","102","102","102","0.003999999910593033","0","0.019999999552965164"
"10400","103","103","103","0.32800000011920927","0.20000000298023224","0.47999998927116394","103","103","103","0.1419999986886978","0.10999999940395355","0.2199999988079071","103","103","103","0.021999999508261682","0.009999999776482582","0.05999999865889549","103","103","103","0","0","0"
"10500","104","104","104","0.4040000021457672","0.3100000023841858","0.5","104","104","104","0.14000000208616256","0.09000000357627869","0.18000000715255737","104","104","104","0.017999999597668646","0","0.029999999329447746","104","104","104","0","0","0"
"10600","105","105","105","0.3759999990463257","0.3100000023841858","0.4000000059604645","105","105","105","0.14399999976158143","0.10999999940395355","0.20000000298023224","105","105","105","0.03199999965727329","0","0.05999999865889549","105","105","105","0.003999999910593033","0","0.009999999776482582"
"10700","106","106","106","0.40199999809265136","0.3100000023841858","0.4399999976158142","106","106","106","0.1459999993443489","0.11999999731779099","0.18000000715255737","106","106","106","0.03599999956786633","0.019999999552965164","0.07000000029802322","106","106","106","0.0019999999552965165","0","0.009999999776482582"
"10800","107","107","107","0.4279999971389771","0.3799999952316284","0.46000000834465027","107","107","107","0.16800000071525573","0.12999999523162842","0.23000000417232513","107","107","107","0.017999999597668646","0.009999999776482582","0.03999999910593033","107","107","107","0","0","0"
"10900","108","108","108","0.4459999918937683","0.3700000047683716","0.5199999809265137","108","108","108","0.18599999845027923","0.1599999964237213","0.20999999344348907","108","108","108","0.03799999952316284","0.019999999552965164","0.07000000029802322","108","108","108","0","0","0"
"11000","109","109","109","0.44799998998641966","0.3799999952316284","0.5799999833106995","109","109","109","0.19200000166893005","0.15000000596046448","0.25","109","109","109","0.0419999998062849","0.019999999552965164","0.07000000029802322","109","109","109","0.0019999999552965165","0","0.009999999776482582"
"11100","110","110","110","0.43999999165534975","0.3499999940395355","0.5899999737739563","110","110","110","0.18800000250339508","0.15000000596046448","0.23000000417232513","110","110","110","0.04999999888241291","0.029999999329447746","0.05999999865889549","110","110","110","0.007999999821186066","0","0.019999999552965164"
"11200","111","111","111","0.5080000042915345","0.49000000953674316","0.5400000214576721","111","111","111","0.1860000044107437","0.15000000596046448","0.25","111","111","111","0.04999999962747097","0.019999999552965164","0.10000000149011612","111","111","111","0.0019999999552965165","0","0.009999999776482582"
"11300","112","112","112","0.5040000021457672","0.4099999964237213","0.5899999737739563","112","112","112","0.21399999558925628","0.1899999976158142","0.25999999046325684","112","112","112","0.03799999952316284","0.019999999552965164","0.05999999865889549","112","112","112","0.007999999821186066","0","0.019999999552965164"
"11400","113","113","113","0.45799999833106997","0.4000000059604645","0.5400000214576721","113","113","113","0.22799999713897706","0.20999999344348907","0.23999999463558197","113","113","113","0.05","0.019999999552965164","0.07000000029802322","113","113","113","0.003999999910593033","0","0.009999999776482582"
"11500","114","114","114","0.5440000057220459","0.49000000953674316","0.6200000047683716","114","114","114","0.2520000010728836","0.2199999988079071","0.30000001192092896","114","114","114","0.04999999888241291","0.019999999552965164","0.07999999821186066","114","114","114","0.003999999910593033","0","0.009999999776482582"
"11600","115","115","115","0.5119999945163727","0.44999998807907104","0.6100000143051147","115","115","115","0.22400000393390657","0.18000000715255737","0.25","115","115","115","0.04399999938905239","0.019999999552965164","0.07000000029802322","115","115","115","0.005999999865889549","0","0.019999999552965164"
"11700","116","116","116","0.543999993801117","0.5099999904632568","0.6000000238418579","116","116","116","0.22799999713897706","0.1899999976158142","0.2800000011920929","116","116","116","0.04799999929964542","0.029999999329447746","0.05999999865889549","116","116","116","0.005999999865889549","0","0.019999999552965164"
"11800","117","117","117","0.5459999859333038","0.4000000059604645","0.6399999856948853","117","117","117","0.2719999969005585","0.20999999344348907","0.3199999928474426","117","117","117","0.04000000022351742","0.009999999776482582","0.05000000074505806","117","117","117","0.007999999821186066","0","0.029999999329447746"
"11900","118","118","118","0.5579999923706055","0.38999998569488525","0.6600000262260437","118","118","118","0.24399999976158143","0.1599999964237213","0.3199999928474426","118","118","118","0.056000000610947606","0.029999999329447746","0.09000000357627869","118","118","118","0.003999999910593033","0","0.019999999552965164"
"12000","119","119","119","0.5259999930858612","0.47999998927116394","0.6200000047683716","119","119","119","0.24999999701976777","0.17000000178813934","0.3799999952316284","119","119","119","0.07600000128149986","0.019999999552965164","0.10999999940395355","119","119","119","0.003999999910593033","0","0.009999999776482582"
"12100","120","120","120","0.5819999992847442","0.4699999988079071","0.699999988079071","120","120","120","0.21600000262260438","0.15000000596046448","0.30000001192092896","120","120","120","0.05799999944865704","0.029999999329447746","0.10999999940395355","120","120","120","0.005999999865889549","0","0.009999999776482582"
"12200","121","121","121","0.5979999959468841","0.46000000834465027","0.6800000071525574","121","121","121","0.2639999985694885","0.2199999988079071","0.3199999928474426","121","121","121","0.06599999964237213","0.019999999552965164","0.10999999940395355","121","121","121","0.0019999999552965165","0","0.009999999776482582"
"12300","122","122","122","0.55","0.49000000953674316","0.6800000071525574","122","122","122","0.31600000262260436","0.2199999988079071","0.4099999964237213","122","122","122","0.07199999913573266","0.05000000074505806","0.11999999731779099","122","122","122","0.003999999910593033","0","0.009999999776482582"
"12400","123","123","123","0.6139999985694885","0.5899999737739563","0.6600000262260437","123","123","123","0.30200000405311583","0.25","0.33000001311302185","123","123","123","0.06999999955296517","0.03999999910593033","0.10000000149011612","123","123","123","0.003999999910593033","0","0.009999999776482582"
"12500","124","124","124","0.6399999976158142","0.5400000214576721","0.75","124","124","124","0.28999999463558196","0.23999999463558197","0.3700000047683716","124","124","124","0.05999999940395355","0.03999999910593033","0.10000000149011612","124","124","124","0.003999999910593033","0","0.009999999776482582"
"12600","125","125","125","0.628000009059906","0.6000000238418579","0.699999988079071","125","125","125","0.3120000004768372","0.25999999046325684","0.36000001430511475","125","125","125","0.08200000077486039","0.07000000029802322","0.10000000149011612","125","125","125","0.007999999821186066","0","0.019999999552965164"
"12700","126","126","126","0.6059999942779541","0.5099999904632568","0.6899999976158142","126","126","126","0.30600000619888307","0.2800000011920929","0.3400000035762787","126","126","126","0.07599999830126762","0.05999999865889549","0.12999999523162842","126","126","126","0.011999999731779098","0","0.029999999329447746"
"12800","127","127","127","0.6379999876022339","0.5799999833106995","0.699999988079071","127","127","127","0.30600000321865084","0.23000000417232513","0.3799999952316284","127","127","127","0.07400000020861626","0.05000000074505806","0.09000000357627869","127","127","127","0.007999999821186066","0","0.009999999776482582"
"12900","128","128","128","0.5980000019073486","0.5400000214576721","0.6299999952316284","128","128","128","0.3380000054836273","0.3100000023841858","0.3700000047683716","128","128","128","0.0880000002682209","0.05999999865889549","0.14000000059604645","128","128","128","0.009999999776482582","0","0.019999999552965164"
"13000","129","129","129","0.6680000066757202","0.6000000238418579","0.7300000190734863","129","129","129","0.30600000619888307","0.2199999988079071","0.3700000047683716","129","129","129","0.09599999934434891","0.07000000029802322","0.12999999523162842","129","129","129","0.011999999731779098","0","0.03999999910593033"
"13100","130","130","130","0.6420000076293946","0.6000000238418579","0.6899999976158142","130","130","130","0.36600000262260435","0.33000001311302185","0.4099999964237213","130","130","130","0.09599999934434891","0.07999999821186066","0.10999999940395355","130","130","130","0.003999999910593033","0","0.009999999776482582"
"13200","131","131","131","0.6680000066757202","0.5600000023841858","0.75","131","131","131","0.3359999984502792","0.23999999463558197","0.4000000059604645","131","131","131","0.1","0.07999999821186066","0.11999999731779099","131","131","131","0.003999999910593033","0","0.009999999776482582"
"13300","132","132","132","0.7","0.5899999737739563","0.8399999737739563","132","132","132","0.3759999990463257","0.3199999928474426","0.4300000071525574","132","132","132","0.11400000005960464","0.03999999910593033","0.17000000178813934","132","132","132","0.009999999776482582","0","0.029999999329447746"
"13400","133","133","133","0.6399999976158142","0.5699999928474426","0.7099999785423279","133","133","133","0.3560000002384186","0.30000001192092896","0.41999998688697815","133","133","133","0.10999999940395355","0.07999999821186066","0.14000000059604645","133","133","133","0.009999999776482582","0","0.019999999552965164"
"13500","134","134","134","0.6740000009536743","0.5799999833106995","0.7300000190734863","134","134","134","0.35600000619888306","0.3100000023841858","0.4300000071525574","134","134","134","0.09800000116229057","0.05000000074505806","0.15000000596046448","134","134","134","0.003999999910593033","0","0.019999999552965164"
"13600","135","135","135","0.6720000028610229","0.6399999856948853","0.7200000286102295","135","135","135","0.35199999809265137","0.2800000011920929","0.4099999964237213","135","135","135","0.0819999996572733","0.029999999329447746","0.12999999523162842","135","135","135","0.013999999687075614","0.009999999776482582","0.019999999552965164"
"13700","136","136","136","0.7159999966621399","0.6399999856948853","0.8199999928474426","136","136","136","0.38799999952316283","0.3499999940395355","0.46000000834465027","136","136","136","0.14999999701976777","0.10999999940395355","0.1899999976158142","136","136","136","0.017999999597668646","0","0.029999999329447746"
"13800","137","137","137","0.7259999990463257","0.6800000071525574","0.7900000214576721","137","137","137","0.4199999988079071","0.3199999928474426","0.49000000953674316","137","137","137","0.1100000023841858","0.09000000357627869","0.15000000596046448","137","137","137","0.015999999642372132","0","0.029999999329447746"
"13900","138","138","138","0.7300000071525574","0.6600000262260437","0.7900000214576721","138","138","138","0.3899999976158142","0.30000001192092896","0.5199999809265137","138","138","138","0.1520000010728836","0.14000000059604645","0.20000000298023224","138","138","138","0.009999999776482582","0","0.029999999329447746"
"14000","139","139","139","0.7400000095367432","0.7200000286102295","0.7599999904632568","139","139","139","0.3979999959468842","0.2800000011920929","0.47999998927116394","139","139","139","0.1419999986886978","0.10999999940395355","0.20000000298023224","139","139","139","0.011999999731779098","0","0.019999999552965164"
"14100","140","140","140","0.7659999966621399","0.7099999785423279","0.8700000047683716","140","140","140","0.40199999809265136","0.30000001192092896","0.4699999988079071","140","140","140","0.17000000327825546","0.10000000149011612","0.25","140","140","140","0.013999999687075614","0","0.03999999910593033"
"14200","141","141","141","0.777999997138977","0.7300000190734863","0.8299999833106995","141","141","141","0.4259999990463257","0.3700000047683716","0.47999998927116394","141","141","141","0.15799999982118607","0.11999999731779099","0.23000000417232513","141","141","141","0.02799999937415123","0.009999999776482582","0.05999999865889549"
"14300","142","142","142","0.778000009059906","0.7200000286102295","0.8600000143051147","142","142","142","0.4520000100135803","0.33000001311302185","0.550000011920929","142","142","142","0.16200000196695327","0.11999999731779099","0.1899999976158142","142","142","142","0.039999999850988385","0.009999999776482582","0.07000000029802322"
"14400","143","143","143","0.793999993801117","0.75","0.8600000143051147","143","143","143","0.46599999666213987","0.3499999940395355","0.6299999952316284","143","143","143","0.13999999836087226","0.05000000074505806","0.20999999344348907","143","143","143","0.03999999947845936","0.009999999776482582","0.05999999865889549"
"14500","144","144","144","0.7699999928474426","0.7099999785423279","0.8199999928474426","144","144","144","0.4840000033378601","0.3400000035762787","0.550000011920929","144","144","144","0.20600000023841858","0.10999999940395355","0.30000001192092896","144","144","144","0.03599999919533729","0.019999999552965164","0.05999999865889549"
"14600","145","145","145","0.7700000047683716","0.6800000071525574","0.8399999737739563","145","145","145","0.4759999990463257","0.46000000834465027","0.5099999904632568","145","145","145","0.21200000643730163","0.09000000357627869","0.33000001311302185","145","145","145","0.043999999016523364","0","0.07999999821186066"
"14700","146","146","146","0.772000002861023","0.7200000286102295","0.8100000023841858","146","146","146","0.5139999866485596","0.41999998688697815","0.6399999856948853","146","146","146","0.19600000083446503","0.10999999940395355","0.27000001072883606","146","146","146","0.03999999947845936","0","0.07999999821186066"
"14800","147","147","147","0.8039999961853027","0.7699999809265137","0.8299999833106995","147","147","147","0.4780000030994415","0.3499999940395355","0.5699999928474426","147","147","147","0.21800000071525574","0.12999999523162842","0.36000001430511475","147","147","147","0.06799999810755253","0.009999999776482582","0.12999999523162842"
"14900","148","148","148","0.8139999985694886","0.7799999713897705","0.8500000238418579","148","148","148","0.5079999983310699","0.3799999952316284","0.6499999761581421","148","148","148","0.21000000238418579","0.14000000059604645","0.33000001311302185","148","148","148","0.053999999538064","0.009999999776482582","0.10000000149011612"
"15000","149","149","149","0.828000009059906","0.7900000214576721","0.8600000143051147","149","149","149","0.5340000092983246","0.3499999940395355","0.6600000262260437","149","149","149","0.22000000178813933","0.12999999523162842","0.3400000035762787","149","149","149","0.0419999998062849","0","0.07999999821186066"
"15100","150","150","150","0.8320000052452088","0.75","0.9200000166893005","150","150","150","0.49599999785423277","0.3799999952316284","0.6399999856948853","150","150","150","0.22600000202655793","0.17000000178813934","0.2800000011920929","150","150","150","0.06600000075995922","0.009999999776482582","0.10000000149011612"
"15200","151","151","151","0.8580000042915344","0.8100000023841858","0.9300000071525574","151","151","151","0.5439999997615814","0.4000000059604645","0.6399999856948853","151","151","151","0.27599999904632566","0.15000000596046448","0.3499999940395355","151","151","151","0.06999999955296517","0","0.12999999523162842"
"15300","152","152","152","0.8379999995231628","0.7799999713897705","0.8700000047683716","152","152","152","0.5799999892711639","0.4699999988079071","0.699999988079071","152","152","152","0.22600000202655793","0.09000000357627869","0.3100000023841858","152","152","152","0.056000000610947606","0.019999999552965164","0.10000000149011612"
"15400","153","153","153","0.8179999947547912","0.6899999976158142","0.8999999761581421","153","153","153","0.556000006198883","0.36000001430511475","0.6700000166893005","153","153","153","0.2340000033378601","0.12999999523162842","0.30000001192092896","153","153","153","0.06399999856948853","0.019999999552965164","0.12999999523162842"
"15500","154","154","154","0.8480000019073486","0.7900000214576721","0.8799999952316284","154","154","154","0.5739999949932099","0.4699999988079071","0.6399999856948853","154","154","154","0.22999999821186065","0.1599999964237213","0.3100000023841858","154","154","154","0.06400000117719173","0.029999999329447746","0.15000000596046448"
"15600","155","155","155","0.8699999928474427","0.8299999833106995","0.9100000262260437","155","155","155","0.5399999916553497","0.4399999976158142","0.6299999952316284","155","155","155","0.25000000596046446","0.20000000298023224","0.33000001311302185","155","155","155","0.06999999918043613","0.009999999776482582","0.12999999523162842"
"15700","156","156","156","0.8959999918937683","0.8799999952316284","0.9200000166893005","156","156","156","0.5660000085830689","0.49000000953674316","0.6600000262260437","156","156","156","0.18400000035762787","0.14000000059604645","0.23000000417232513","156","156","156","0.08200000189244747","0.029999999329447746","0.15000000596046448"
"15800","157","157","157","0.8940000176429749","0.8500000238418579","0.9399999976158142","157","157","157","0.5259999990463257","0.3199999928474426","0.6700000166893005","157","157","157","0.231999996304512","0.20999999344348907","0.25","157","157","157","0.08400000184774399","0.07000000029802322","0.10000000149011612"
"15900","158","158","158","0.8799999952316284","0.8700000047683716","0.8999999761581421","158","158","158","0.6120000004768371","0.5299999713897705","0.7200000286102295","158","158","158","0.21000000238418579","0.15000000596046448","0.3199999928474426","158","158","158","0.09199999794363975","0.03999999910593033","0.12999999523162842"
"16000","159","159","159","0.8579999923706054","0.7699999809265137","0.8899999856948853","159","159","159","0.65","0.5400000214576721","0.7099999785423279","159","159","159","0.22600000202655793","0.12999999523162842","0.3100000023841858","159","159","159","0.06799999997019768","0.03999999910593033","0.09000000357627869"
"16100","160","160","160","0.9100000023841858","0.7900000214576721","0.9900000095367432","160","160","160","0.6560000061988831","0.5699999928474426","0.7599999904632568","160","160","160","0.21400000154972076","0.10999999940395355","0.33000001311302185","160","160","160","0.10200000107288361","0.07000000029802322","0.15000000596046448"
"16200","161","161","161","0.9120000123977661","0.8899999856948853","0.9300000071525574","161","161","161","0.6019999980926514","0.49000000953674316","0.7200000286102295","161","161","161","0.22599999904632567","0.1599999964237213","0.28999999165534973","161","161","161","0.0839999996125698","0.019999999552965164","0.11999999731779099"
"16300","162","162","162","0.8960000038146972","0.8199999928474426","0.949999988079071","162","162","162","0.6300000071525573","0.550000011920929","0.7300000190734863","162","162","162","0.24200000166893004","0.14000000059604645","0.3499999940395355","162","162","162","0.0780000001192093","0.03999999910593033","0.10999999940395355"
"16400","163","163","163","0.9140000104904175","0.8799999952316284","0.9300000071525574","163","163","163","0.6899999856948853","0.5600000023841858","0.7799999713897705","163","163","163","0.24200000166893004","0.2199999988079071","0.27000001072883606","163","163","163","0.07999999895691871","0.03999999910593033","0.11999999731779099"
"16500","164","164","164","0.9160000085830688","0.8600000143051147","0.949999988079071","164","164","164","0.728000009059906","0.699999988079071","0.7900000214576721","164","164","164","0.22000000178813933","0.1599999964237213","0.33000001311302185","164","164","164","0.11000000089406967","0.07000000029802322","0.15000000596046448"
"16600","165","165","165","0.9179999947547912","0.8899999856948853","0.949999988079071","165","165","165","0.6479999899864197","0.5299999713897705","0.7699999809265137","165","165","165","0.2199999988079071","0.12999999523162842","0.27000001072883606","165","165","165","0.08600000068545341","0.05999999865889549","0.10000000149011612"
"16700","166","166","166","0.9159999847412109","0.8299999833106995","0.9599999785423279","166","166","166","0.6639999866485595","0.5799999833106995","0.7599999904632568","166","166","166","0.23200000077486038","0.11999999731779099","0.33000001311302185","166","166","166","0.08599999994039535","0.05999999865889549","0.17000000178813934"
"16800","167","167","167","0.9260000109672546","0.9100000262260437","0.949999988079071","167","167","167","0.6539999961853027","0.49000000953674316","0.7200000286102295","167","167","167","0.2580000013113022","0.14000000059604645","0.4300000071525574","167","167","167","0.09199999868869782","0.05999999865889549","0.1899999976158142"
"16900","168","168","168","0.9340000033378602","0.9100000262260437","0.9599999785423279","168","168","168","0.6640000104904175","0.5600000023841858","0.7900000214576721","168","168","168","0.27599999606609343","0.17000000178813934","0.4399999976158142","168","168","168","0.08600000143051148","0.019999999552965164","0.15000000596046448"
"17000","169","169","169","0.9300000071525574","0.8799999952316284","0.9800000190734863","169","169","169","0.671999990940094","0.5699999928474426","0.7599999904632568","169","169","169","0.24399999529123306","0.11999999731779099","0.38999998569488525","169","169","169","0.11400000005960464","0.07999999821186066","0.14000000059604645"
"17100","170","170","170","0.928000009059906","0.9100000262260437","0.9599999785423279","170","170","170","0.6740000128746033","0.6000000238418579","0.7599999904632568","170","170","170","0.2780000001192093","0.17000000178813934","0.4399999976158142","170","170","170","0.09199999868869782","0.07999999821186066","0.10999999940395355"
"17200","171","171","171","0.9220000028610229","0.8600000143051147","0.9599999785423279","171","171","171","0.6519999980926514","0.5099999904632568","0.800000011920929","171","171","171","0.24800000488758087","0.15000000596046448","0.33000001311302185","171","171","171","0.08799999877810478","0.05999999865889549","0.12999999523162842"
"17300","172","172","172","0.9120000004768372","0.8600000143051147","0.9399999976158142","172","172","172","0.6899999976158142","0.5899999737739563","0.7900000214576721","172","172","172","0.24799999594688416","0.1599999964237213","0.3199999928474426","172","172","172","0.09400000125169754","0.07000000029802322","0.15000000596046448"
"17400","173","173","173","0.9379999995231628","0.8799999952316284","0.9700000286102295","173","173","173","0.7519999980926514","0.6299999952316284","0.8299999833106995","173","173","173","0.23400000482797623","0.10000000149011612","0.4000000059604645","173","173","173","0.10600000023841857","0.07000000029802322","0.17000000178813934"
"17500","174","174","174","0.9320000052452088","0.9200000166893005","0.9399999976158142","174","174","174","0.7400000095367432","0.5699999928474426","0.8500000238418579","174","174","174","0.24600000381469728","0.14000000059604645","0.4000000059604645","174","174","174","0.10799999833106995","0.03999999910593033","0.1599999964237213"
"17600","175","175","175","0.9399999976158142","0.8999999761581421","0.9800000190734863","175","175","175","0.6419999957084656","0.5299999713897705","0.7200000286102295","175","175","175","0.23799999952316284","0.07999999821186066","0.3700000047683716","175","175","175","0.09800000041723252","0.03999999910593033","0.15000000596046448"
"17700","176","176","176","0.921999990940094","0.8799999952316284","0.949999988079071","176","176","176","0.6899999856948853","0.5299999713897705","0.8299999833106995","176","176","176","0.27199999839067457","0.11999999731779099","0.4399999976158142","176","176","176","0.10000000149011612","0.07000000029802322","0.15000000596046448"
"17800","177","177","177","0.9520000100135804","0.9200000166893005","0.9900000095367432","177","177","177","0.7079999923706055","0.550000011920929","0.8100000023841858","177","177","177","0.2780000001192093","0.15000000596046448","0.46000000834465027","177","177","177","0.07799999937415122","0.019999999552965164","0.14000000059604645"
"17900","178","178","178","0.9459999918937683","0.9300000071525574","0.9599999785423279","178","178","178","0.7180000066757202","0.550000011920929","0.8100000023841858","178","178","178","0.2540000006556511","0.10000000149011612","0.41999998688697815","178","178","178","0.09800000116229057","0.05999999865889549","0.14000000059604645"
"18000","179","179","179","0.9240000009536743","0.8999999761581421","0.949999988079071","179","179","179","0.6900000095367431","0.5699999928474426","0.7599999904632568","179","179","179","0.2520000010728836","0.15000000596046448","0.36000001430511475","179","179","179","0.09600000008940697","0.05000000074505806","0.1599999964237213"
"18100","180","180","180","0.9600000023841858","0.9300000071525574","0.9900000095367432","180","180","180","0.7319999933242798","0.5899999737739563","0.8399999737739563","180","180","180","0.24800000339746475","0.10000000149011612","0.3700000047683716","180","180","180","0.10399999842047691","0.05999999865889549","0.14000000059604645"
"18200","181","181","181","0.9379999995231628","0.8999999761581421","0.9700000286102295","181","181","181","0.6840000152587891","0.6100000143051147","0.7300000190734863","181","181","181","0.2520000010728836","0.14000000059604645","0.4099999964237213","181","181","181","0.07000000067055226","0.029999999329447746","0.10000000149011612"
"18300","182","182","182","0.9460000157356262","0.9100000262260437","0.9700000286102295","182","182","182","0.7159999966621399","0.6200000047683716","0.8100000023841858","182","182","182","0.2399999976158142","0.10999999940395355","0.41999998688697815","182","182","182","0.09999999850988388","0.07000000029802322","0.11999999731779099"
"18400","183","183","183","0.9520000100135804","0.9200000166893005","0.9700000286102295","183","183","183","0.6960000038146973","0.5699999928474426","0.800000011920929","183","183","183","0.2560000061988831","0.15000000596046448","0.46000000834465027","183","183","183","0.09599999859929084","0.03999999910593033","0.1599999964237213"
"18500","184","184","184","0.9420000076293945","0.9200000166893005","0.9800000190734863","184","184","184","0.728000009059906","0.6600000262260437","0.7900000214576721","184","184","184","0.24400000125169755","0.10000000149011612","0.4300000071525574","184","184","184","0.06599999852478504","0.029999999329447746","0.12999999523162842"
"18600","185","185","185","0.9179999947547912","0.8299999833106995","0.9599999785423279","185","185","185","0.7080000042915344","0.5899999737739563","0.800000011920929","185","185","185","0.231999996304512","0.12999999523162842","0.3499999940395355","185","185","185","0.10199999958276748","0.07000000029802322","0.11999999731779099"
"18700","186","186","186","0.9380000114440918","0.8799999952316284","0.9800000190734863","186","186","186","0.7120000123977661","0.6600000262260437","0.800000011920929","186","186","186","0.25400000214576723","0.1599999964237213","0.3700000047683716","186","186","186","0.08200000002980232","0.05999999865889549","0.11999999731779099"
"18800","187","187","187","0.9360000133514405","0.8700000047683716","0.9800000190734863","187","187","187","0.7120000004768372","0.550000011920929","0.8100000023841858","187","187","187","0.23799999803304672","0.11999999731779099","0.4000000059604645","187","187","187","0.08000000044703484","0.05999999865889549","0.10000000149011612"
"18900","188","188","188","0.9419999957084656","0.8899999856948853","0.9700000286102295","188","188","188","0.7199999928474426","0.5799999833106995","0.8299999833106995","188","188","188","0.19400000125169753","0.10000000149011612","0.3400000035762787","188","188","188","0.08799999803304673","0.03999999910593033","0.12999999523162842"
"19000","189","189","189","0.956000006198883","0.9399999976158142","0.9700000286102295","189","189","189","0.7440000176429749","0.6100000143051147","0.8500000238418579","189","189","189","0.23599999845027925","0.1599999964237213","0.4000000059604645","189","189","189","0.09200000166893005","0.03999999910593033","0.15000000596046448"
"19100","190","190","190","0.956000006198883","0.9300000071525574","0.9700000286102295","190","190","190","0.7100000023841858","0.6000000238418579","0.800000011920929","190","190","190","0.25200000405311584","0.15000000596046448","0.41999998688697815","190","190","190","0.0739999994635582","0.03999999910593033","0.10999999940395355"
"19200","191","191","191","0.9460000038146973","0.8999999761581421","0.9700000286102295","191","191","191","0.7119999885559082","0.5799999833106995","0.8100000023841858","191","191","191","0.22999999523162842","0.10999999940395355","0.3199999928474426","191","191","191","0.07800000160932541","0.03999999910593033","0.10000000149011612"
"19300","192","192","192","0.943999993801117","0.9200000166893005","0.9599999785423279","192","192","192","0.7419999957084655","0.6100000143051147","0.7900000214576721","192","192","192","0.2","0.12999999523162842","0.2800000011920929","192","192","192","0.07400000058114528","0.009999999776482582","0.14000000059604645"
"19400","193","193","193","0.9419999957084656","0.9100000262260437","0.9599999785423279","193","193","193","0.7","0.5799999833106995","0.75","193","193","193","0.24000000208616257","0.11999999731779099","0.4399999976158142","193","193","193","0.09000000059604644","0.07000000029802322","0.10999999940395355"
"19500","194","194","194","0.9460000038146973","0.9100000262260437","0.9700000286102295","194","194","194","0.7340000033378601","0.6299999952316284","0.8199999928474426","194","194","194","0.22000000178813933","0.14000000059604645","0.3400000035762787","194","194","194","0.07399999909102917","0.029999999329447746","0.10999999940395355"
"19600","195","195","195","0.9360000014305114","0.8799999952316284","0.9800000190734863","195","195","195","0.7100000023841858","0.6000000238418579","0.7799999713897705","195","195","195","0.2119999945163727","0.12999999523162842","0.3499999940395355","195","195","195","0.06999999955296517","0.05000000074505806","0.10000000149011612"
"19700","196","196","196","0.9400000095367431","0.9100000262260437","0.9800000190734863","196","196","196","0.7200000047683716","0.550000011920929","0.800000011920929","196","196","196","0.18400000482797624","0.10000000149011612","0.27000001072883606","196","196","196","0.06999999955296517","0.019999999552965164","0.10999999940395355"
"19800","197","197","197","0.962000024318695","0.9200000166893005","0.9800000190734863","197","197","197","0.75","0.6700000166893005","0.8299999833106995","197","197","197","0.19199999645352364","0.019999999552965164","0.28999999165534973","197","197","197","0.053999999165534975","0.019999999552965164","0.07000000029802322"
"19900","198","198","198","0.9379999995231628","0.9200000166893005","0.9599999785423279","198","198","198","0.7359999895095826","0.6200000047683716","0.8299999833106995","198","198","198","0.23799999803304672","0.10999999940395355","0.4000000059604645","198","198","198","0.06799999997019768","0.05000000074505806","0.10000000149011612"
"20000","199","199","199","0.9580000162124633","0.8999999761581421","0.9800000190734863","199","199","199","0.7200000047683716","0.6299999952316284","0.7900000214576721","199","199","199","0.18599999845027923","0.07999999821186066","0.3100000023841858","199","199","199","0.08200000151991844","0.05000000074505806","0.10000000149011612"
"20100","200","200","200","0.9700000166893006","0.9599999785423279","0.9800000190734863","200","200","200","0.7360000014305115","0.5899999737739563","0.8199999928474426","200","200","200","0.21200000420212745","0.05000000074505806","0.33000001311302185","200","200","200","0.07800000086426735","0.05999999865889549","0.10000000149011612"
"20200","201","201","201","0.9600000143051147","0.9200000166893005","0.9900000095367432","201","201","201","0.7460000038146972","0.5799999833106995","0.8600000143051147","201","201","201","0.19999999850988387","0.07000000029802322","0.3199999928474426","201","201","201","0.0780000001192093","0.019999999552965164","0.15000000596046448"
"20300","202","202","202","0.9540000200271607","0.9200000166893005","0.9900000095367432","202","202","202","0.7100000023841858","0.5799999833106995","0.8199999928474426","202","202","202","0.18600000590085983","0.09000000357627869","0.30000001192092896","202","202","202","0.06400000005960464","0.019999999552965164","0.10000000149011612"
"20400","203","203","203","0.9700000166893006","0.9300000071525574","0.9900000095367432","203","203","203","0.7240000009536743","0.6299999952316284","0.8199999928474426","203","203","203","0.20199999809265137","0.10999999940395355","0.4099999964237213","203","203","203","0.06600000038743019","0.03999999910593033","0.09000000357627869"
"20500","204","204","204","0.9520000100135804","0.9200000166893005","0.9800000190734863","204","204","204","0.706000006198883","0.6299999952316284","0.800000011920929","204","204","204","0.23400000035762786","0.07999999821186066","0.4699999988079071","204","204","204","0.07599999979138375","0.029999999329447746","0.17000000178813934"
"20600","205","205","205","0.9600000023841858","0.9399999976158142","0.9800000190734863","205","205","205","0.7420000076293946","0.6700000166893005","0.8399999737739563","205","205","205","0.2060000017285347","0.10000000149011612","0.3199999928474426","205","205","205","0.08199999928474426","0.05000000074505806","0.11999999731779099"
"20700","206","206","206","0.9640000104904175","0.9300000071525574","0.9900000095367432","206","206","206","0.7139999866485596","0.5799999833106995","0.8399999737739563","206","206","206","0.17000000476837157","0.07000000029802322","0.33000001311302185","206","206","206","0.07000000104308128","0.05000000074505806","0.10000000149011612"
"20800","207","207","207","0.9539999961853027","0.8999999761581421","0.9800000190734863","207","207","207","0.7259999990463257","0.5600000023841858","0.8799999952316284","207","207","207","0.18999999836087228","0.05999999865889549","0.3799999952316284","207","207","207","0.0739999994635582","0.019999999552965164","0.11999999731779099"
"20900","208","208","208","0.9620000004768372","0.9399999976158142","0.9800000190734863","208","208","208","0.706000006198883","0.550000011920929","0.8100000023841858","208","208","208","0.17200000137090682","0.03999999910593033","0.33000001311302185","208","208","208","0.08600000143051148","0.05000000074505806","0.15000000596046448"
"21000","209","209","209","0.972000002861023","0.949999988079071","0.9900000095367432","209","209","209","0.7259999990463257","0.6399999856948853","0.8199999928474426","209","209","209","0.1880000039935112","0.09000000357627869","0.3100000023841858","209","209","209","0.06600000113248825","0.03999999910593033","0.09000000357627869"
"21100","210","210","210","0.9519999980926513","0.9100000262260437","0.9800000190734863","210","210","210","0.7759999871253968","0.6800000071525574","0.8799999952316284","210","210","210","0.17200000286102296","0.09000000357627869","0.27000001072883606","210","210","210","0.053999999538064","0.009999999776482582","0.10000000149011612"
"21200","211","211","211","0.9620000123977661","0.9300000071525574","0.9800000190734863","211","211","211","0.7400000095367432","0.6100000143051147","0.8500000238418579","211","211","211","0.1860000029206276","0.07000000029802322","0.27000001072883606","211","211","211","0.07200000062584877","0.03999999910593033","0.15000000596046448"
"21300","212","212","212","0.9620000004768372","0.9300000071525574","0.9900000095367432","212","212","212","0.7460000038146972","0.6700000166893005","0.800000011920929","212","212","212","0.1719999998807907","0.07999999821186066","0.25999999046325684","212","212","212","0.06999999992549419","0.019999999552965164","0.14000000059604645"
"21400","213","213","213","0.9700000166893006","0.9200000166893005","0.9900000095367432","213","213","213","0.7260000109672546","0.6100000143051147","0.8100000023841858","213","213","213","0.1900000050663948","0.03999999910593033","0.33000001311302185","213","213","213","0.09200000017881393","0.05999999865889549","0.14000000059604645"
"21500","214","214","214","0.9740000128746032","0.9599999785423279","0.9900000095367432","214","214","214","0.7139999985694885","0.6700000166893005","0.7900000214576721","214","214","214","0.1859999977052212","0.05999999865889549","0.28999999165534973","214","214","214","0.07599999904632568","0.05000000074505806","0.11999999731779099"
"21600","215","215","215","0.9559999942779541","0.9399999976158142","0.9800000190734863","215","215","215","0.7119999885559082","0.6399999856948853","0.7699999809265137","215","215","215","0.18600000068545341","0.05999999865889549","0.3499999940395355","215","215","215","0.0839999996125698","0.05999999865889549","0.12999999523162842"
"21700","216","216","216","0.9519999980926513","0.9300000071525574","0.9700000286102295","216","216","216","0.7299999952316284","0.6100000143051147","0.8299999833106995","216","216","216","0.20600000023841858","0.07999999821186066","0.3700000047683716","216","216","216","0.08999999910593033","0.05000000074505806","0.11999999731779099"
"21800","217","217","217","0.9520000100135804","0.9200000166893005","0.9700000286102295","217","217","217","0.7360000014305115","0.6399999856948853","0.800000011920929","217","217","217","0.19599999785423278","0.09000000357627869","0.3100000023841858","217","217","217","0.06000000052154064","0.029999999329447746","0.10000000149011612"
"21900","218","218","218","0.9480000019073487","0.9100000262260437","0.9700000286102295","218","218","218","0.722000002861023","0.6000000238418579","0.8199999928474426","218","218","218","0.21400000154972076","0.12999999523162842","0.30000001192092896","218","218","218","0.06399999856948853","0.029999999329447746","0.12999999523162842"
"22000","219","219","219","0.9580000042915344","0.9300000071525574","0.9900000095367432","219","219","219","0.7480000019073486","0.6299999952316284","0.8700000047683716","219","219","219","0.18199999928474425","0.09000000357627869","0.3400000035762787","219","219","219","0.07200000025331973","0.029999999329447746","0.10000000149011612"
"22100","220","220","220","0.9639999985694885","0.9300000071525574","0.9900000095367432","220","220","220","0.7039999961853027","0.5699999928474426","0.7900000214576721","220","220","220","0.19000000059604644","0.10999999940395355","0.3100000023841858","220","220","220","0.07799999937415122","0.05000000074505806","0.11999999731779099"
"22200","221","221","221","0.949999988079071","0.9399999976158142","0.9599999785423279","221","221","221","0.727999997138977","0.6000000238418579","0.8100000023841858","221","221","221","0.18600000143051149","0.09000000357627869","0.3100000023841858","221","221","221","0.06600000001490117","0.029999999329447746","0.11999999731779099"
"22300","222","222","222","0.9700000047683716","0.9599999785423279","0.9800000190734863","222","222","222","0.7399999856948852","0.6399999856948853","0.8700000047683716","222","222","222","0.2120000019669533","0.10000000149011612","0.33000001311302185","222","222","222","0.06199999898672104","0.029999999329447746","0.11999999731779099"
"22400","223","223","223","0.9619999885559082","0.949999988079071","0.9800000190734863","223","223","223","0.7319999933242798","0.6299999952316284","0.8899999856948853","223","223","223","0.22599999755620956","0.10000000149011612","0.3700000047683716","223","223","223","0.053999999538064","0.029999999329447746","0.07000000029802322"
"22500","224","224","224","0.9480000019073487","0.9300000071525574","0.9700000286102295","224","224","224","0.7059999942779541","0.6100000143051147","0.800000011920929","224","224","224","0.1739999994635582","0.07000000029802322","0.30000001192092896","224","224","224","0.05999999940395355","0.029999999329447746","0.11999999731779099"
"22600","225","225","225","0.9740000128746032","0.949999988079071","0.9900000095367432","225","225","225","0.6879999876022339","0.5299999713897705","0.7799999713897705","225","225","225","0.17599999532103539","0.05000000074505806","0.3199999928474426","225","225","225","0.08399999924004078","0.029999999329447746","0.11999999731779099"
"22700","226","226","226","0.9519999980926513","0.8799999952316284","0.9800000190734863","226","226","226","0.7600000023841857","0.6100000143051147","0.8700000047683716","226","226","226","0.22200000137090684","0.07000000029802322","0.4000000059604645","226","226","226","0.06799999885261059","0.029999999329447746","0.10999999940395355"
"22800","227","227","227","0.9700000166893006","0.9100000262260437","0.9900000095367432","227","227","227","0.7179999947547913","0.550000011920929","0.8999999761581421","227","227","227","0.234000001847744","0.10000000149011612","0.4300000071525574","227","227","227","0.07800000123679637","0.029999999329447746","0.10000000149011612"
"22900","228","228","228","0.9580000042915344","0.9200000166893005","0.9800000190734863","228","228","228","0.7019999980926513","0.5699999928474426","0.8199999928474426","228","228","228","0.2339999943971634","0.12999999523162842","0.38999998569488525","228","228","228","0.06800000034272671","0.029999999329447746","0.10999999940395355"
"23000","229","229","229","0.9559999942779541","0.949999988079071","0.9700000286102295","229","229","229","0.7200000047683716","0.6299999952316284","0.7900000214576721","229","229","229","0.21000000238418579","0.12999999523162842","0.30000001192092896","229","229","229","0.057999999076128","0.05000000074505806","0.05999999865889549"
"23100","230","230","230","0.9600000023841858","0.949999988079071","0.9700000286102295","230","230","230","0.7500000119209289","0.6700000166893005","0.8100000023841858","230","230","230","0.17999999970197678","0.09000000357627869","0.3199999928474426","230","230","230","0.1","0.03999999910593033","0.17000000178813934"
"23200","231","231","231","0.9680000185966492","0.9300000071525574","0.9900000095367432","231","231","231","0.7439999938011169","0.5299999713897705","0.8700000047683716","231","231","231","0.16999999880790712","0.07999999821186066","0.2800000011920929","231","231","231","0.07799999937415122","0.03999999910593033","0.14000000059604645"
"23300","232","232","232","0.9480000019073487","0.8899999856948853","0.9900000095367432","232","232","232","0.7320000052452087","0.6000000238418579","0.8600000143051147","232","232","232","0.20399999916553496","0.10999999940395355","0.3400000035762787","232","232","232","0.05599999949336052","0.019999999552965164","0.07999999821186066"
"23400","233","233","233","0.962000024318695","0.9100000262260437","0.9900000095367432","233","233","233","0.7079999923706055","0.5699999928474426","0.7799999713897705","233","233","233","0.20999999791383744","0.11999999731779099","0.2800000011920929","233","233","233","0.08000000044703484","0.03999999910593033","0.10000000149011612"
"23500","234","234","234","0.971999990940094","0.9599999785423279","0.9900000095367432","234","234","234","0.7159999966621399","0.5699999928474426","0.8500000238418579","234","234","234","0.20399999767541885","0.11999999731779099","0.3400000035762787","234","234","234","0.05399999991059303","0.029999999329447746","0.10000000149011612"
"23600","235","235","235","0.9580000162124633","0.9200000166893005","0.9900000095367432","235","235","235","0.7320000052452087","0.6200000047683716","0.8500000238418579","235","235","235","0.20799999982118605","0.07000000029802322","0.3700000047683716","235","235","235","0.06199999935925007","0.019999999552965164","0.10999999940395355"
"23700","236","236","236","0.9580000042915344","0.9399999976158142","0.9800000190734863","236","236","236","0.7120000004768372","0.5899999737739563","0.8899999856948853","236","236","236","0.1939999967813492","0.10999999940395355","0.3199999928474426","236","236","236","0.05399999991059303","0","0.07999999821186066"
"23800","237","237","237","0.9540000081062316","0.9300000071525574","0.9800000190734863","237","237","237","0.7","0.5","0.8399999737739563","237","237","237","0.22599999904632567","0.12999999523162842","0.3100000023841858","237","237","237","0.08199999816715717","0.029999999329447746","0.12999999523162842"
"23900","238","238","238","0.9559999942779541","0.9399999976158142","0.9800000190734863","238","238","238","0.7519999980926514","0.5899999737739563","0.9100000262260437","238","238","238","0.2600000023841858","0.15000000596046448","0.3799999952316284","238","238","238","0.09199999943375588","0.05999999865889549","0.11999999731779099"
"24000","239","239","239","0.977999997138977","0.949999988079071","1","239","239","239","0.7139999985694885","0.6299999952316284","0.7900000214576721","239","239","239","0.2120000019669533","0.11999999731779099","0.4000000059604645","239","239","239","0.08000000044703484","0.019999999552965164","0.14000000059604645"
"24100","240","240","240","0.9620000123977661","0.9100000262260437","0.9800000190734863","240","240","240","0.7320000052452087","0.6600000262260437","0.8399999737739563","240","240","240","0.19200000017881394","0.10000000149011612","0.28999999165534973","240","240","240","0.08200000002980232","0.019999999552965164","0.14000000059604645"
"24200","241","241","241","0.9720000147819519","0.9399999976158142","1","241","241","241","0.75","0.6000000238418579","0.8899999856948853","241","241","241","0.1820000007748604","0.11999999731779099","0.25","241","241","241","0.07399999909102917","0.029999999329447746","0.12999999523162842"
"24300","242","242","242","0.9760000109672546","0.949999988079071","0.9900000095367432","242","242","242","0.7599999904632568","0.6200000047683716","0.8299999833106995","242","242","242","0.21399999856948854","0.12999999523162842","0.2800000011920929","242","242","242","0.05800000093877315","0.029999999329447746","0.09000000357627869"
"24400","243","243","243","0.9599999904632568","0.949999988079071","0.9800000190734863","243","243","243","0.7520000219345093","0.550000011920929","0.8500000238418579","243","243","243","0.19600000083446503","0.10000000149011612","0.2800000011920929","243","243","243","0.08600000143051148","0.05000000074505806","0.15000000596046448"
"24500","244","244","244","0.9640000224113464","0.9100000262260437","0.9800000190734863","244","244","244","0.7240000009536743","0.5899999737739563","0.8600000143051147","244","244","244","0.18400000035762787","0.10000000149011612","0.2800000011920929","244","244","244","0.08200000077486039","0.07000000029802322","0.10000000149011612"
"24600","245","245","245","0.9519999980926513","0.9399999976158142","0.9800000190734863","245","245","245","0.7380000114440918","0.6700000166893005","0.8700000047683716","245","245","245","0.2159999966621399","0.1599999964237213","0.28999999165534973","245","245","245","0.061999999731779096","0.03999999910593033","0.10000000149011612"
"24700","246","246","246","0.9740000128746032","0.9399999976158142","1","246","246","246","0.7320000052452087","0.6299999952316284","0.8600000143051147","246","246","246","0.2239999994635582","0.11999999731779099","0.3400000035762787","246","246","246","0.0780000001192093","0.03999999910593033","0.10999999940395355"
"24800","247","247","247","0.9700000166893006","0.9300000071525574","1","247","247","247","0.7340000033378601","0.6000000238418579","0.8199999928474426","247","247","247","0.2099999964237213","0.07999999821186066","0.3499999940395355","247","247","247","0.058000000193715096","0.019999999552965164","0.09000000357627869"
"24900","248","248","248","0.9760000109672546","0.9599999785423279","0.9900000095367432","248","248","248","0.7300000071525574","0.6100000143051147","0.8299999833106995","248","248","248","0.21800000220537186","0.11999999731779099","0.3700000047683716","248","248","248","0.05200000070035458","0.019999999552965164","0.09000000357627869"
"25000","249","249","249","0.9579999923706055","0.9300000071525574","0.9900000095367432","249","249","249","0.7199999928474426","0.5400000214576721","0.8700000047683716","249","249","249","0.2119999960064888","0.07999999821186066","0.38999998569488525","249","249","249","0.10400000140070915","0.05999999865889549","0.17000000178813934"
"25100","250","250","250","0.9800000190734863","0.9700000286102295","0.9900000095367432","250","250","250","0.722000002861023","0.6000000238418579","0.8500000238418579","250","250","250","0.20599999725818635","0.10999999940395355","0.3100000023841858","250","250","250","0.06399999931454659","0.05000000074505806","0.07999999821186066"
"25200","251","251","251","0.9760000109672546","0.9599999785423279","0.9900000095367432","251","251","251","0.7320000052452087","0.6100000143051147","0.9300000071525574","251","251","251","0.22200000137090684","0.11999999731779099","0.33000001311302185","251","251","251","0.06799999959766864","0.029999999329447746","0.10000000149011612"
"25300","252","252","252","0.9720000147819519","0.9300000071525574","0.9900000095367432","252","252","252","0.7340000152587891","0.5699999928474426","0.8700000047683716","252","252","252","0.20599999725818635","0.07999999821186066","0.3199999928474426","252","252","252","0.09199999868869782","0.03999999910593033","0.12999999523162842"
"25400","253","253","253","0.956000006198883","0.9300000071525574","0.9700000286102295","253","253","253","0.7100000023841858","0.550000011920929","0.8299999833106995","253","253","253","0.16999999582767486","0.07999999821186066","0.28999999165534973","253","253","253","0.0900000013411045","0.05000000074505806","0.10999999940395355"
"25500","254","254","254","0.9760000228881835","0.9700000286102295","0.9900000095367432","254","254","254","0.7440000057220459","0.6100000143051147","0.8899999856948853","254","254","254","0.19799999967217446","0.05000000074505806","0.3499999940395355","254","254","254","0.06800000034272671","0.029999999329447746","0.10000000149011612"
"25600","255","255","255","0.9639999985694885","0.949999988079071","0.9900000095367432","255","255","255","0.7139999985694885","0.5699999928474426","0.8199999928474426","255","255","255","0.19999999701976776","0.10999999940395355","0.3199999928474426","255","255","255","0.06200000047683716","0.009999999776482582","0.15000000596046448"
"25700","256","256","256","0.9640000224113464","0.9300000071525574","0.9800000190734863","256","256","256","0.7419999957084655","0.6200000047683716","0.8899999856948853","256","256","256","0.16199999898672104","0.10999999940395355","0.23000000417232513","256","256","256","0.058000000566244124","0.03999999910593033","0.09000000357627869"
"25800","257","257","257","0.9700000047683716","0.9399999976158142","0.9900000095367432","257","257","257","0.7299999952316284","0.6499999761581421","0.8399999737739563","257","257","257","0.18400000035762787","0.12999999523162842","0.2800000011920929","257","257","257","0.06600000038743019","0","0.10999999940395355"
"25900","258","258","258","0.9640000104904175","0.9399999976158142","0.9800000190734863","258","258","258","0.6960000038146973","0.5400000214576721","0.8799999952316284","258","258","258","0.19400000125169753","0.07000000029802322","0.30000001192092896","258","258","258","0.0739999994635582","0.03999999910593033","0.11999999731779099"
"26000","259","259","259","0.9720000147819519","0.9300000071525574","1","259","259","259","0.6879999876022339","0.5799999833106995","0.8399999737739563","259","259","259","0.16999999731779097","0.10999999940395355","0.25","259","259","259","0.08199999891221524","0.009999999776482582","0.11999999731779099"
"26100","260","260","260","0.9680000066757202","0.9100000262260437","1","260","260","260","0.7","0.6100000143051147","0.8299999833106995","260","260","260","0.1820000007748604","0.11999999731779099","0.2800000011920929","260","260","260","0.05599999949336052","0.029999999329447746","0.10999999940395355"
"26200","261","261","261","0.9600000023841858","0.9399999976158142","1","261","261","261","0.7039999961853027","0.5699999928474426","0.8799999952316284","261","261","261","0.19200000166893005","0.10999999940395355","0.33000001311302185","261","261","261","0.059999999776482585","0.029999999329447746","0.10999999940395355"
"26300","262","262","262","0.9720000147819519","0.949999988079071","0.9800000190734863","262","262","262","0.6980000138282776","0.550000011920929","0.9100000262260437","262","262","262","0.19600000381469726","0.10999999940395355","0.30000001192092896","262","262","262","0.05599999986588955","0.029999999329447746","0.10999999940395355"
"26400","263","263","263","0.9760000109672546","0.949999988079071","0.9900000095367432","263","263","263","0.7360000133514404","0.6600000262260437","0.8899999856948853","263","263","263","0.25000000447034837","0.11999999731779099","0.4000000059604645","263","263","263","0.0760000005364418","0.03999999910593033","0.10999999940395355"
"26500","264","264","264","0.9659999966621399","0.9300000071525574","1","264","264","264","0.7480000019073486","0.6200000047683716","0.8899999856948853","264","264","264","0.21000000089406967","0.03999999910593033","0.33000001311302185","264","264","264","0.04999999925494194","0.029999999329447746","0.07999999821186066"
"26600","265","265","265","0.9660000085830689","0.949999988079071","0.9800000190734863","265","265","265","0.6959999918937683","0.5199999809265137","0.8799999952316284","265","265","265","0.1840000033378601","0.10999999940395355","0.30000001192092896","265","265","265","0.09400000050663948","0.03999999910593033","0.17000000178813934"
"26700","266","266","266","0.9740000128746032","0.949999988079071","0.9900000095367432","266","266","266","0.7379999995231629","0.6299999952316284","0.8999999761581421","266","266","266","0.21800000220537186","0.11999999731779099","0.33000001311302185","266","266","266","0.06600000038743019","0.03999999910593033","0.10000000149011612"
"26800","267","267","267","0.9700000047683716","0.9599999785423279","0.9800000190734863","267","267","267","0.6660000085830688","0.5400000214576721","0.7900000214576721","267","267","267","0.18199999630451202","0.09000000357627869","0.3499999940395355","267","267","267","0.08000000044703484","0.05000000074505806","0.10000000149011612"
"26900","268","268","268","0.9820000171661377","0.9700000286102295","0.9900000095367432","268","268","268","0.7419999957084655","0.6100000143051147","0.8899999856948853","268","268","268","0.19399999529123307","0.11999999731779099","0.3199999928474426","268","268","268","0.06999999918043613","0.029999999329447746","0.10999999940395355"
"27000","269","269","269","0.9680000066757202","0.949999988079071","0.9900000095367432","269","269","269","0.7279999852180481","0.5899999737739563","0.8999999761581421","269","269","269","0.1979999989271164","0.10999999940395355","0.28999999165534973","269","269","269","0.09199999868869782","0.07000000029802322","0.12999999523162842"
"27100","270","270","270","0.9620000123977661","0.9399999976158142","0.9700000286102295","270","270","270","0.706000006198883","0.5600000023841858","0.8399999737739563","270","270","270","0.18399999737739564","0.07999999821186066","0.25999999046325684","270","270","270","0.06800000034272671","0.029999999329447746","0.10000000149011612"
"27200","271","271","271","0.9680000066757202","0.949999988079071","0.9800000190734863","271","271","271","0.7120000123977661","0.6200000047683716","0.8500000238418579","271","271","271","0.21600000113248824","0.10000000149011612","0.4099999964237213","271","271","271","0.0779999990016222","0.029999999329447746","0.12999999523162842"
"27300","272","272","272","0.9700000047683716","0.9599999785423279","0.9800000190734863","272","272","272","0.7039999961853027","0.5699999928474426","0.8199999928474426","272","272","272","0.1520000010728836","0.03999999910593033","0.2800000011920929","272","272","272","0.07800000086426735","0.05999999865889549","0.09000000357627869"
"27400","273","273","273","0.9820000052452087","0.9599999785423279","1","273","273","273","0.7159999966621399","0.5299999713897705","0.9300000071525574","273","273","273","0.2300000011920929","0.10999999940395355","0.3700000047683716","273","273","273","0.07199999913573266","0.019999999552965164","0.10999999940395355"
"27500","274","274","274","0.9740000009536743","0.9300000071525574","1","274","274","274","0.7300000071525574","0.6200000047683716","0.9200000166893005","274","274","274","0.20200000405311586","0.10000000149011612","0.33000001311302185","274","274","274","0.05999999903142452","0.029999999329447746","0.10999999940395355"
"27600","275","275","275","0.978000009059906","0.9599999785423279","0.9900000095367432","275","275","275","0.7180000066757202","0.5","0.9399999976158142","275","275","275","0.2120000019669533","0.10000000149011612","0.33000001311302185","275","275","275","0.07199999988079071","0.05000000074505806","0.10000000149011612"
"27700","276","276","276","0.9780000209808349","0.9700000286102295","1","276","276","276","0.6860000133514405","0.6000000238418579","0.8500000238418579","276","276","276","0.19199999570846557","0.10999999940395355","0.3199999928474426","276","276","276","0.10000000074505806","0.05000000074505806","0.15000000596046448"
"27800","277","277","277","0.9820000052452087","0.9599999785423279","0.9900000095367432","277","277","277","0.727999997138977","0.5899999737739563","0.8899999856948853","277","277","277","0.2379999965429306","0.10999999940395355","0.44999998807907104","277","277","277","0.047999999672174457","0.019999999552965164","0.07000000029802322"
"27900","278","278","278","0.9700000166893006","0.9599999785423279","0.9800000190734863","278","278","278","0.7340000033378601","0.5799999833106995","0.8600000143051147","278","278","278","0.18599999994039534","0.07999999821186066","0.3100000023841858","278","278","278","0.06799999885261059","0.029999999329447746","0.12999999523162842"
"28000","279","279","279","0.9760000109672546","0.9599999785423279","1","279","279","279","0.7179999947547913","0.5799999833106995","0.8600000143051147","279","279","279","0.20399999916553496","0.11999999731779099","0.3199999928474426","279","279","279","0.07199999950826168","0.009999999776482582","0.11999999731779099"
"28100","280","280","280","0.9760000109672546","0.9599999785423279","0.9900000095367432","280","280","280","0.7039999842643738","0.5099999904632568","0.8899999856948853","280","280","280","0.19800000190734862","0.07999999821186066","0.33000001311302185","280","280","280","0.09399999976158142","0.07000000029802322","0.10999999940395355"
"28200","281","281","281","0.978000009059906","0.949999988079071","1","281","281","281","0.7360000133514404","0.5799999833106995","0.9100000262260437","281","281","281","0.19800000190734862","0.14000000059604645","0.30000001192092896","281","281","281","0.07599999830126762","0.019999999552965164","0.12999999523162842"
"28300","282","282","282","0.9680000185966492","0.9100000262260437","0.9900000095367432","282","282","282","0.7019999861717224","0.5899999737739563","0.8600000143051147","282","282","282","0.22600000053644181","0.11999999731779099","0.3700000047683716","282","282","282","0.09999999850988388","0.07999999821186066","0.11999999731779099"
"28400","283","283","283","0.9519999861717224","0.8999999761581421","0.9800000190734863","283","283","283","0.7","0.5299999713897705","0.8500000238418579","283","283","283","0.20400000214576722","0.15000000596046448","0.30000001192092896","283","283","283","0.05799999944865704","0.029999999329447746","0.10999999940395355"
"28500","284","284","284","0.9639999985694885","0.9399999976158142","0.9900000095367432","284","284","284","0.7039999961853027","0.5400000214576721","0.8899999856948853","284","284","284","0.1980000026524067","0.05000000074505806","0.33000001311302185","284","284","284","0.06999999992549419","0.029999999329447746","0.11999999731779099"
"28600","285","285","285","0.9880000114440918","0.9800000190734863","1","285","285","285","0.7240000009536743","0.6200000047683716","0.8999999761581421","285","285","285","0.16800000220537187","0.10000000149011612","0.27000001072883606","285","285","285","0.07400000095367432","0.05000000074505806","0.10000000149011612"
"28700","286","286","286","0.9860000133514404","0.9700000286102295","1","286","286","286","0.7180000185966492","0.6000000238418579","0.8500000238418579","286","286","286","0.21600000262260438","0.09000000357627869","0.3700000047683716","286","286","286","0.06799999922513962","0.019999999552965164","0.12999999523162842"
"28800","287","287","287","0.9820000171661377","0.9700000286102295","0.9900000095367432","287","287","287","0.7299999952316284","0.6000000238418579","0.8799999952316284","287","287","287","0.21000000089406967","0.07000000029802322","0.3400000035762787","287","287","287","0.06600000001490117","0.019999999552965164","0.10000000149011612"
"28900","288","288","288","0.9639999985694885","0.949999988079071","0.9900000095367432","288","288","288","0.7199999928474426","0.6000000238418579","0.8999999761581421","288","288","288","0.23800000548362732","0.10999999940395355","0.4000000059604645","288","288","288","0.06400000005960464","0.019999999552965164","0.09000000357627869"
"29000","289","289","289","0.978000009059906","0.9599999785423279","0.9900000095367432","289","289","289","0.6760000109672546","0.5600000023841858","0.800000011920929","289","289","289","0.18400000184774398","0.09000000357627869","0.36000001430511475","289","289","289","0.06999999955296517","0.05000000074505806","0.11999999731779099"
"29100","290","290","290","0.9820000171661377","0.9700000286102295","0.9900000095367432","290","290","290","0.7099999904632568","0.5600000023841858","0.8999999761581421","290","290","290","0.21400000005960465","0.10000000149011612","0.3700000047683716","290","290","290","0.058000000566244124","0.03999999910593033","0.09000000357627869"
"29200","291","291","291","0.9760000109672546","0.9599999785423279","1","291","291","291","0.6779999971389771","0.5699999928474426","0.8100000023841858","291","291","291","0.19800000339746476","0.09000000357627869","0.30000001192092896","291","291","291","0.06799999959766864","0.029999999329447746","0.11999999731779099"
"29300","292","292","292","0.978000009059906","0.9599999785423279","0.9900000095367432","292","292","292","0.7040000081062316","0.5699999928474426","0.8700000047683716","292","292","292","0.19599999785423278","0.10999999940395355","0.28999999165534973","292","292","292","0.06000000089406967","0.029999999329447746","0.10000000149011612"
"29400","293","293","293","0.9760000109672546","0.9599999785423279","0.9900000095367432","293","293","293","0.7340000033378601","0.6200000047683716","0.8899999856948853","293","293","293","0.23799999952316284","0.10999999940395355","0.41999998688697815","293","293","293","0.08200000002980232","0.05999999865889549","0.10000000149011612"
"29500","294","294","294","0.9800000071525574","0.9599999785423279","1","294","294","294","0.6960000038146973","0.6000000238418579","0.8399999737739563","294","294","294","0.19400000125169753","0.07000000029802322","0.3100000023841858","294","294","294","0.06799999922513962","0.03999999910593033","0.10999999940395355"
"29600","295","295","295","0.978000009059906","0.9399999976158142","1","295","295","295","0.6840000033378602","0.5400000214576721","0.8700000047683716","295","295","295","0.1979999989271164","0.09000000357627869","0.25999999046325684","295","295","295","0.08200000002980232","0.05999999865889549","0.10999999940395355"
"29700","296","296","296","0.9700000047683716","0.949999988079071","0.9900000095367432","296","296","296","0.7400000214576721","0.6100000143051147","0.9700000286102295","296","296","296","0.1979999989271164","0.09000000357627869","0.3199999928474426","296","296","296","0.0780000001192093","0.03999999910593033","0.10999999940395355"
"29800","297","297","297","0.9720000147819519","0.9300000071525574","1","297","297","297","0.6979999899864197","0.5299999713897705","0.8500000238418579","297","297","297","0.21400000527501106","0.05000000074505806","0.33000001311302185","297","297","297","0.05799999944865704","0.029999999329447746","0.07999999821186066"
"29900","298","298","298","0.9720000147819519","0.9599999785423279","0.9800000190734863","298","298","298","0.7059999942779541","0.550000011920929","0.8799999952316284","298","298","298","0.1760000020265579","0.09000000357627869","0.33000001311302185","298","298","298","0.05599999912083149","0.019999999552965164","0.10999999940395355"
"30000","299","299","299","0.9720000147819519","0.9599999785423279","0.9800000190734863","299","299","299","0.7039999842643738","0.5899999737739563","0.8799999952316284","299","299","299","0.20799999833106994","0.10999999940395355","0.4000000059604645","299","299","299","0.053999999538064","0.019999999552965164","0.10999999940395355"