"ray/tune/info/num_steps_sampled","threshold_type: 7 - _step","threshold_type: 7 - _step__MIN","threshold_type: 7 - _step__MAX","threshold_type: 7 - ray/tune/custom_metrics/energy_cost_mean","threshold_type: 7 - ray/tune/custom_metrics/energy_cost_mean__MIN","threshold_type: 7 - ray/tune/custom_metrics/energy_cost_mean__MAX","threshold_type: 5 - _step","threshold_type: 5 - _step__MIN","threshold_type: 5 - _step__MAX","threshold_type: 5 - ray/tune/custom_metrics/energy_cost_mean","threshold_type: 5 - ray/tune/custom_metrics/energy_cost_mean__MIN","threshold_type: 5 - ray/tune/custom_metrics/energy_cost_mean__MAX","threshold_type: 3 - _step","threshold_type: 3 - _step__MIN","threshold_type: 3 - _step__MAX","threshold_type: 3 - ray/tune/custom_metrics/energy_cost_mean","threshold_type: 3 - ray/tune/custom_metrics/energy_cost_mean__MIN","threshold_type: 3 - ray/tune/custom_metrics/energy_cost_mean__MAX","threshold_type: 1 - _step","threshold_type: 1 - _step__MIN","threshold_type: 1 - _step__MAX","threshold_type: 1 - ray/tune/custom_metrics/energy_cost_mean","threshold_type: 1 - ray/tune/custom_metrics/energy_cost_mean__MIN","threshold_type: 1 - ray/tune/custom_metrics/energy_cost_mean__MAX"
"100","0","0","0","114.79690704345703","111.85816192626953","119.0887451171875","0","0","0","114.3957290649414","110.89470672607422","119.11471557617188","0","0","0","113.68848724365235","109.8471908569336","116.11082458496094","0","0","0","114.08651428222656","112.83313751220703","115.39618682861328"
"200","1","1","1","109.39506530761719","107.29313659667969","110.858154296875","1","1","1","111.16799468994141","108.3046646118164","115.29337310791016","1","1","1","111.40287170410156","105.86080169677734","114.47779846191406","1","1","1","113.41160278320312","112.1802749633789","114.12712097167969"
"300","2","2","2","114.33722534179688","110.82039642333984","120.23085021972656","2","2","2","114.01782836914063","111.05166625976562","119.84456634521484","2","2","2","110.33324584960937","107.42833709716797","112.80393981933594","2","2","2","109.50771942138672","105.82160186767578","112.15189361572266"
"400","3","3","3","111.16776885986329","109.15095520019531","115.09938049316406","3","3","3","110.08041839599609","107.78026580810547","111.61604309082031","3","3","3","111.64470062255859","106.07780456542969","118.97871398925781","3","3","3","111.61136932373047","106.10530090332031","114.88760375976562"
"500","4","4","4","112.03927307128906","109.39234161376953","113.52610778808594","4","4","4","110.195947265625","107.40047454833984","111.63327026367188","4","4","4","110.54186248779297","107.02349090576172","115.09491729736328","4","4","4","111.34767150878906","107.80184936523438","117.17217254638672"
"600","5","5","5","109.51682739257812","106.21548461914062","112.77510070800781","5","5","5","109.01505737304687","105.19071960449219","111.5822525024414","5","5","5","111.13096313476562","108.81840515136719","115.30113220214844","5","5","5","111.94279479980469","105.3357925415039","117.9217300415039"
"700","6","6","6","109.57913208007812","108.39747619628906","111.36103057861328","6","6","6","110.45244750976562","107.64068603515625","112.64337921142578","6","6","6","114.5198471069336","109.01286315917969","118.8415756225586","6","6","6","110.78404235839844","108.38822174072266","112.98555755615234"
"800","7","7","7","110.62003479003906","108.11360931396484","113.37860107421875","7","7","7","111.37032623291016","108.77664184570312","113.6954574584961","7","7","7","109.57802124023438","108.4783935546875","111.8614730834961","7","7","7","112.4163803100586","111.37959289550781","113.55482482910156"
"900","8","8","8","109.8792709350586","106.59954833984375","115.16764831542969","8","8","8","109.01470489501953","104.99388122558594","111.24492645263672","8","8","8","108.79563751220704","103.42682647705078","111.05165100097656","8","8","8","110.78338775634765","108.34593200683594","113.95565795898438"
"1000","9","9","9","110.2009490966797","108.66217803955078","112.8647689819336","9","9","9","109.64195861816407","108.23734283447266","113.26487731933594","9","9","9","108.34431457519531","105.37184143066406","110.41426849365234","9","9","9","108.01231842041015","103.92008972167969","113.91223907470703"
"1100","10","10","10","110.09234466552735","108.41485595703125","111.4852294921875","10","10","10","109.86075286865234","108.10967254638672","112.80498504638672","10","10","10","109.0313232421875","107.45887756347656","110.63276672363281","10","10","10","111.86393585205079","109.69342041015625","114.16667175292969"
"1200","11","11","11","108.59855499267579","105.4642105102539","112.6122817993164","11","11","11","109.73088989257812","106.7682876586914","117.72916412353516","11","11","11","109.98556823730469","107.2958755493164","113.4835433959961","11","11","11","109.00579528808593","104.25960540771484","112.5040054321289"
"1300","12","12","12","109.27908935546876","104.83336639404297","113.37295532226562","12","12","12","109.88866424560547","107.29271697998047","112.83134460449219","12","12","12","111.55098266601563","106.11776733398438","114.61412048339844","12","12","12","111.34727783203125","108.46372985839844","114.72106170654297"
"1400","13","13","13","107.22813262939454","103.37689208984375","111.68653106689453","13","13","13","108.47767944335938","101.23678588867188","113.80851745605469","13","13","13","108.64988861083984","105.3375015258789","112.1534423828125","13","13","13","108.84612579345703","103.99044036865234","115.45112609863281"
"1500","14","14","14","106.81644897460937","102.6156005859375","108.3418197631836","14","14","14","108.80315704345703","106.56138610839844","110.62232971191406","14","14","14","109.93861236572266","108.39404296875","112.95675659179688","14","14","14","108.42365112304688","104.7903823852539","113.29096984863281"
"1600","15","15","15","108.43427276611328","105.94032287597656","112.7520751953125","15","15","15","107.60980987548828","104.08102416992188","110.72405242919922","15","15","15","110.10980834960938","107.40071868896484","111.70050811767578","15","15","15","109.4073989868164","104.93482208251953","113.66400909423828"
"1700","16","16","16","106.96915893554687","104.80274200439453","109.79228973388672","16","16","16","108.84201049804688","106.49267578125","112.02825927734375","16","16","16","108.32521514892578","104.68318176269531","113.32404327392578","16","16","16","107.96899719238282","102.43585968017578","111.27303314208984"
"1800","17","17","17","107.222802734375","104.49674987792969","109.94860076904297","17","17","17","109.31571655273437","106.8957290649414","114.80692291259766","17","17","17","108.17693176269532","104.3602066040039","110.89762878417969","17","17","17","109.58256683349609","107.34759521484375","113.43518829345703"
"1900","18","18","18","108.714794921875","105.23255920410156","112.47390747070312","18","18","18","109.57159271240235","105.62731170654297","113.06053924560547","18","18","18","107.07676696777344","103.76725006103516","109.951904296875","18","18","18","109.36418762207032","107.62881469726562","111.66758728027344"
"2000","19","19","19","104.75163879394532","102.52664184570312","106.31346130371094","19","19","19","108.3483673095703","104.92776489257812","112.38633728027344","19","19","19","107.81771697998047","105.04069519042969","111.23995971679688","19","19","19","109.99618072509766","106.25869750976562","112.97727966308594"
"2100","20","20","20","109.27572021484374","105.44319152832031","111.7464828491211","20","20","20","107.13541259765626","105.61834716796875","110.19847106933594","20","20","20","109.52078857421876","108.39823913574219","110.68782806396484","20","20","20","107.22757873535156","103.59178161621094","110.04964447021484"
"2200","21","21","21","109.01712951660156","107.67973327636719","111.48408508300781","21","21","21","106.73990631103516","105.31626892089844","108.79785919189453","21","21","21","109.8595199584961","104.77159881591797","112.98951721191406","21","21","21","108.00642242431641","103.76870727539062","111.74153900146484"
"2300","22","22","22","107.64467926025391","103.60211944580078","109.96605682373047","22","22","22","105.63576965332031","102.08403015136719","110.47764587402344","22","22","22","107.44742431640626","105.2120361328125","110.02520751953125","22","22","22","107.6732406616211","103.00642395019531","111.35868072509766"
"2400","23","23","23","109.19024505615235","106.64942169189453","112.96552276611328","23","23","23","108.65945129394531","106.07417297363281","113.23660278320312","23","23","23","107.44682312011719","105.37677764892578","113.22744750976562","23","23","23","108.30575714111328","105.34637451171875","111.53047180175781"
"2500","24","24","24","105.31382904052734","102.75801849365234","108.8041763305664","24","24","24","107.73414764404296","104.90728759765625","110.49524688720703","24","24","24","108.62533874511719","106.03514862060547","111.59051513671875","24","24","24","108.36152954101563","105.98767852783203","113.53143310546875"
"2600","25","25","25","107.57921142578125","105.11005401611328","108.88447570800781","25","25","25","108.00632934570312","105.39559173583984","110.89657592773438","25","25","25","105.087255859375","103.62972259521484","106.02770233154297","25","25","25","104.81366424560547","103.77206420898438","107.01651763916016"
"2700","26","26","26","106.24483947753906","103.32515716552734","110.42095947265625","26","26","26","108.44877014160156","106.07424926757812","112.23696899414062","26","26","26","106.61588134765626","102.9372329711914","109.87899017333984","26","26","26","106.296435546875","104.81946563720703","107.9267578125"
"2800","27","27","27","107.4561264038086","104.49713134765625","109.107666015625","27","27","27","106.98304748535156","103.47663116455078","110.426513671875","27","27","27","105.5014419555664","101.67878723144531","109.05296325683594","27","27","27","106.09796142578125","104.31024169921875","107.09915924072266"
"2900","28","28","28","106.65579223632812","103.927734375","111.2281265258789","28","28","28","106.10685272216797","103.28170013427734","111.28714752197266","28","28","28","107.30595397949219","104.87630462646484","109.50415802001953","28","28","28","105.71697998046875","102.92513275146484","107.1594009399414"
"3000","29","29","29","108.11835479736328","105.05953216552734","110.71118927001953","29","29","29","107.95044860839843","106.1702651977539","109.02613830566406","29","29","29","105.44907073974609","103.42574310302734","108.40960693359375","29","29","29","107.1020278930664","104.2796859741211","109.29965209960938"
"3100","30","30","30","105.95055389404297","101.71365356445312","111.8779296875","30","30","30","107.2863052368164","103.42904663085938","111.28511810302734","30","30","30","108.16499481201171","106.10336303710938","111.57320404052734","30","30","30","106.4181900024414","104.25312805175781","109.12544250488281"
"3200","31","31","31","105.4304428100586","103.9002685546875","109.29711151123047","31","31","31","105.31430358886719","103.88634490966797","106.8739242553711","31","31","31","107.30630187988281","106.67459869384766","108.52042388916016","31","31","31","106.74535217285157","103.86529541015625","111.78215789794922"
"3300","32","32","32","103.20206298828126","100.762939453125","105.01775360107422","32","32","32","107.27874755859375","103.7324447631836","109.33758544921875","32","32","32","105.13639984130859","103.01620483398438","106.68067932128906","32","32","32","106.0132553100586","101.95833587646484","109.52639770507812"
"3400","33","33","33","107.33910827636718","103.883544921875","110.20325469970703","33","33","33","103.68465576171874","100.35771942138672","106.1174087524414","33","33","33","104.49872283935547","102.2096176147461","106.69204711914062","33","33","33","104.0418212890625","102.88027954101562","105.16732025146484"
"3500","34","34","34","105.97417755126953","103.23194885253906","110.66203308105469","34","34","34","104.02158203125","101.63546752929688","105.3881607055664","34","34","34","105.82408447265625","101.65925598144531","110.05667877197266","34","34","34","105.98387451171875","100.34148406982422","110.7285385131836"
"3600","35","35","35","102.78612823486328","98.38856506347656","106.3292007446289","35","35","35","103.15739288330079","100.64562225341797","104.87178039550781","35","35","35","105.04224395751953","102.2939453125","108.71228790283203","35","35","35","106.15635986328125","104.2091064453125","109.05416107177734"
"3700","36","36","36","104.40188751220703","102.64173889160156","106.92060089111328","36","36","36","105.48760986328125","102.0234146118164","110.41990661621094","36","36","36","105.94343414306641","101.69572448730469","109.26187896728516","36","36","36","105.39731140136719","102.14220428466797","108.60601806640625"
"3800","37","37","37","105.77904815673828","104.18864440917969","106.83888244628906","37","37","37","103.93370819091797","101.00810241699219","107.55978393554688","37","37","37","104.4720245361328","99.53815460205078","107.16400909423828","37","37","37","104.42792358398438","102.66490936279297","107.14106750488281"
"3900","38","38","38","103.45959930419922","101.75605010986328","105.948974609375","38","38","38","103.04688415527343","101.85603332519531","105.94306945800781","38","38","38","104.83581848144532","102.33866882324219","107.07877349853516","38","38","38","103.43877410888672","101.00121307373047","105.92864227294922"
"4000","39","39","39","102.45071716308594","100.86357879638672","107.37521362304688","39","39","39","104.49168548583984","101.9002914428711","109.27935028076172","39","39","39","103.00766296386719","100.54280090332031","104.75814819335938","39","39","39","105.79745788574219","104.58887481689453","108.39248657226562"
"4100","40","40","40","102.53238983154297","99.55672454833984","105.22154998779297","40","40","40","103.20535125732422","101.66415405273438","105.31754302978516","40","40","40","102.7020980834961","99.80963897705078","107.35482025146484","40","40","40","103.65645294189453","101.64768981933594","107.52678680419922"
"4200","41","41","41","102.453515625","100.24626922607422","104.08846282958984","41","41","41","102.7974838256836","102.05741119384766","103.37832641601562","41","41","41","104.70396728515625","102.23285675048828","106.27426147460938","41","41","41","103.23059844970703","102.52003479003906","104.2189712524414"
"4300","42","42","42","104.30545349121094","102.35797882080078","106.55526733398438","42","42","42","103.55482025146485","100.5345230102539","107.81714630126953","42","42","42","101.50384216308593","99.06201171875","103.5948486328125","42","42","42","103.13591003417969","98.54804992675781","106.8185806274414"
"4400","43","43","43","100.7567855834961","99.28617858886719","102.6221694946289","43","43","43","103.09003601074218","99.0229721069336","106.158203125","43","43","43","102.86381225585937","101.37652587890625","104.67780303955078","43","43","43","101.42367401123047","99.05445098876953","104.59323120117188"
"4500","44","44","44","101.9639404296875","100.44161987304688","104.74053192138672","44","44","44","103.19797058105469","99.90841674804688","106.45146942138672","44","44","44","103.41933898925781","100.97626495361328","106.27838134765625","44","44","44","102.53107452392578","99.63558959960938","105.3073501586914"
"4600","45","45","45","102.93775024414063","99.80722045898438","105.24005126953125","45","45","45","101.76324157714843","98.54898071289062","104.42793273925781","45","45","45","102.9359634399414","99.80766296386719","106.6505355834961","45","45","45","102.97821807861328","101.29489135742188","105.49748992919922"
"4700","46","46","46","102.2747589111328","99.95818328857422","104.35787963867188","46","46","46","101.9790054321289","98.91985321044922","103.78349304199219","46","46","46","103.00639495849609","100.32158660888672","105.98332214355469","46","46","46","104.56609497070312","102.4044418334961","106.78317260742188"
"4800","47","47","47","102.1751708984375","100.53084564208984","103.83785247802734","47","47","47","103.31693572998047","100.18871307373047","106.28311920166016","47","47","47","102.88899230957031","101.05262756347656","104.54019165039062","47","47","47","101.86145629882813","100.38999938964844","102.95468139648438"
"4900","48","48","48","100.75731658935547","97.26565551757812","103.9571762084961","48","48","48","103.63838500976563","101.74231719970703","108.96109771728516","48","48","48","101.7461181640625","99.4439697265625","103.34477996826172","48","48","48","102.77967529296875","101.2862319946289","104.25432586669922"
"5000","49","49","49","103.15610961914062","101.62132263183594","105.90972900390625","49","49","49","104.68345184326172","102.6631088256836","107.64380645751953","49","49","49","101.97085876464844","99.31982421875","103.92869567871094","49","49","49","100.90792846679688","99.04159545898438","102.36551666259766"
"5100","50","50","50","99.50718688964844","98.06817626953125","101.01353454589844","50","50","50","104.01847991943359","103.1907730102539","104.80213928222656","50","50","50","101.98342895507812","98.05340576171875","106.26364135742188","50","50","50","101.9156280517578","99.60215759277344","103.32633209228516"
"5200","51","51","51","100.5348876953125","97.97542572021484","102.50462341308594","51","51","51","100.45743408203126","97.33787536621094","102.29042053222656","51","51","51","102.6316421508789","99.76387786865234","107.033203125","51","51","51","101.56286926269532","100.11158752441406","103.32281494140625"
"5300","52","52","52","101.44457702636718","99.8600845336914","102.86542510986328","52","52","52","98.5258544921875","95.39974212646484","102.96980285644531","52","52","52","100.22144927978516","98.6144027709961","102.8671646118164","52","52","52","101.03792724609374","99.79476928710938","102.23796844482422"
"5400","53","53","53","101.78676147460938","100.0392074584961","102.96694946289062","53","53","53","101.81676330566407","98.8422622680664","103.75341796875","53","53","53","101.42698974609375","99.13836669921875","103.26522827148438","53","53","53","102.20132141113281","99.75709533691406","104.6312255859375"
"5500","54","54","54","99.32618255615235","96.61368560791016","101.0589370727539","54","54","54","98.5247085571289","93.95282745361328","101.36235046386719","54","54","54","102.31165466308593","101.35040283203125","105.6451187133789","54","54","54","101.67413330078125","98.33181762695312","104.2636489868164"
"5600","55","55","55","100.45049285888672","98.19890594482422","103.99021911621094","55","55","55","101.51275024414062","99.9493179321289","103.46125793457031","55","55","55","100.70413055419922","97.44207000732422","103.39364624023438","55","55","55","100.89136810302735","99.77490234375","104.05323791503906"
"5700","56","56","56","99.077490234375","95.8355484008789","101.12027740478516","56","56","56","100.77629241943359","99.6344223022461","103.18680572509766","56","56","56","99.47078704833984","97.38951110839844","101.1420669555664","56","56","56","100.37925415039062","96.44754028320312","104.24130249023438"
"5800","57","57","57","100.5382308959961","96.60518646240234","102.98690032958984","57","57","57","99.51091918945312","98.66118621826172","100.43400573730469","57","57","57","100.73706817626953","99.46072387695312","102.32273864746094","57","57","57","100.0556640625","96.92337799072266","102.84930419921875"
"5900","58","58","58","99.91231536865234","96.4311294555664","101.92166900634766","58","58","58","98.8541030883789","94.5327377319336","100.97702026367188","58","58","58","98.70859832763672","95.07079315185547","100.6629867553711","58","58","58","99.16089324951172","96.53739166259766","101.21696472167969"
"6000","59","59","59","99.91536102294921","97.74222564697266","102.60910034179688","59","59","59","98.21702423095704","96.05567932128906","100.92395782470703","59","59","59","100.07609252929687","97.22097778320312","103.26498413085938","59","59","59","99.71916809082032","96.07954406738281","102.67158508300781"
"6100","60","60","60","97.48249664306641","96.05164337158203","100.3367919921875","60","60","60","99.24089050292969","95.71281433105469","101.00440979003906","60","60","60","98.94862365722656","96.3979721069336","101.34329986572266","60","60","60","97.76033172607421","95.45520782470703","98.96900939941406"
"6200","61","61","61","99.31308288574219","96.22718048095703","102.36688232421875","61","61","61","99.66482849121094","97.11396789550781","104.12075805664062","61","61","61","98.63516387939453","94.36006164550781","100.31424713134766","61","61","61","99.81310119628907","98.9951171875","101.927001953125"
"6300","62","62","62","98.34715881347657","96.6238021850586","100.32733917236328","62","62","62","98.93993530273437","95.85469818115234","102.26415252685547","62","62","62","98.20070037841796","97.37550354003906","99.86058044433594","62","62","62","97.90953063964844","94.21527862548828","100.49649810791016"
"6400","63","63","63","98.35733337402344","96.55805206298828","100.7902603149414","63","63","63","98.26055908203125","95.24456787109375","99.97542572021484","63","63","63","97.06228790283203","94.50375366210938","98.72347259521484","63","63","63","98.06977844238281","96.6063003540039","100.07501983642578"
"6500","64","64","64","98.57951507568359","96.44352722167969","102.49725341796875","64","64","64","98.59562072753906","95.59349060058594","101.35681915283203","64","64","64","98.17130737304687","96.43338012695312","100.01931762695312","64","64","64","98.756689453125","97.51490783691406","99.94239044189453"
"6600","65","65","65","97.38772125244141","95.53799438476562","98.2361068725586","65","65","65","98.16259155273437","95.49503326416016","99.87362670898438","65","65","65","97.9382553100586","96.67704010009766","99.7684555053711","65","65","65","98.89795989990235","97.43169403076172","100.76314544677734"
"6700","66","66","66","96.99568786621094","95.00448608398438","98.60005950927734","66","66","66","97.13184967041016","94.34717559814453","98.44940948486328","66","66","66","97.39903717041015","94.4769287109375","100.59370422363281","66","66","66","96.75320739746094","94.7530288696289","98.09896850585938"
"6800","67","67","67","96.18016052246094","94.2773208618164","98.75054931640625","67","67","67","96.65545349121093","95.2970199584961","97.91620635986328","67","67","67","95.6101791381836","94.3304672241211","97.26385498046875","67","67","67","97.2020477294922","95.17648315429688","98.78752136230469"
"6900","68","68","68","96.08585968017579","93.45048522949219","100.5577392578125","68","68","68","98.70740356445313","96.02411651611328","101.63002014160156","68","68","68","96.6589340209961","94.05284881591797","99.41232299804688","68","68","68","96.35832214355469","94.7218017578125","98.04714965820312"
"7000","69","69","69","97.65543670654297","97.08778381347656","98.23977661132812","69","69","69","96.17097320556641","94.17139434814453","97.99640655517578","69","69","69","97.37261505126953","95.71410369873047","98.1576919555664","69","69","69","98.5196517944336","97.02645874023438","99.29701232910156"
"7100","70","70","70","95.37849884033203","93.08627319335938","96.57086181640625","70","70","70","96.78165588378906","94.82263946533203","99.44078826904297","70","70","70","96.99029998779297","95.00163269042969","98.62252807617188","70","70","70","95.23972930908204","93.6155014038086","98.21527862548828"
"7200","71","71","71","96.07834014892578","94.48664093017578","97.7159194946289","71","71","71","95.94380798339844","94.75968933105469","96.86741638183594","71","71","71","94.49866943359375","93.27263641357422","95.92536163330078","71","71","71","96.899951171875","95.6673583984375","99.00506591796875"
"7300","72","72","72","95.74570007324219","94.64727020263672","97.70977783203125","72","72","72","95.56257629394531","94.26658630371094","96.47087097167969","72","72","72","96.12442169189453","94.10303497314453","97.29475402832031","72","72","72","95.52169036865234","93.57157897949219","97.43397521972656"
"7400","73","73","73","96.43439331054688","91.66181945800781","99.05754852294922","73","73","73","96.57976684570312","94.75719451904297","98.01070404052734","73","73","73","94.873779296875","93.39664459228516","96.82160949707031","73","73","73","95.27163848876953","92.7500991821289","97.69176483154297"
"7500","74","74","74","95.14457702636719","93.42411804199219","96.54531860351562","74","74","74","96.70898742675782","94.81273651123047","98.07320404052734","74","74","74","96.27440185546875","94.6744155883789","97.72871398925781","74","74","74","97.08563385009765","94.15398406982422","99.2231216430664"
"7600","75","75","75","95.3681655883789","90.6483154296875","97.8680648803711","75","75","75","95.87418518066406","93.82123565673828","96.88044738769531","75","75","75","94.99483642578124","93.18865203857422","96.34325408935547","75","75","75","94.91563262939454","92.097412109375","97.23869323730469"
"7700","76","76","76","94.10638122558593","92.35003662109375","96.1610107421875","76","76","76","94.92530517578125","93.61652374267578","95.84432983398438","76","76","76","95.12322692871093","93.62212371826172","96.66081237792969","76","76","76","95.90184631347657","93.8158950805664","97.49472045898438"
"7800","77","77","77","95.39327850341797","93.97441101074219","97.22662353515625","77","77","77","94.86345520019532","93.53262329101562","96.15502166748047","77","77","77","95.5128387451172","93.59993743896484","97.80138397216797","77","77","77","95.1304214477539","93.87983703613281","96.64627075195312"
"7900","78","78","78","95.83028411865234","94.4145736694336","97.39256286621094","78","78","78","92.98036651611328","90.79380798339844","95.74300384521484","78","78","78","93.94961090087891","93.48058319091797","94.9334487915039","78","78","78","94.1578582763672","93.12993621826172","95.39009094238281"
"8000","79","79","79","95.4308837890625","93.88505554199219","97.42545318603516","79","79","79","95.126806640625","93.47769165039062","95.93074798583984","79","79","79","95.19329528808593","93.71339416503906","97.44293212890625","79","79","79","94.74617156982421","92.57758331298828","97.17961120605469"
"8100","80","80","80","94.42711944580078","93.37236022949219","95.37659454345703","80","80","80","95.69512786865235","94.3785629272461","97.01966857910156","80","80","80","92.67413024902343","91.59738159179688","93.93133544921875","80","80","80","94.55519409179688","92.45909881591797","97.31197357177734"
"8200","81","81","81","94.01747131347656","93.30632019042969","95.1728515625","81","81","81","94.20187835693359","92.52487182617188","95.50822448730469","81","81","81","93.36422271728516","91.70964813232422","94.58522033691406","81","81","81","93.93554077148437","92.71993255615234","95.30162811279297"
"8300","82","82","82","94.0091766357422","92.5501937866211","95.4489517211914","82","82","82","93.05522155761719","91.74588775634766","95.14049530029297","82","82","82","91.96884002685547","90.0605697631836","94.38419342041016","82","82","82","93.74424438476562","91.91136169433594","96.26920318603516"
"8400","83","83","83","93.26780700683594","91.53145599365234","95.0155258178711","83","83","83","94.55550079345703","93.82186889648438","95.83194732666016","83","83","83","92.74780883789063","90.27291107177734","94.83427429199219","83","83","83","93.64616546630859","93.22038269042969","94.0462646484375"
"8500","84","84","84","93.85184020996094","90.24087524414062","96.19064331054688","84","84","84","94.00959014892578","91.51314544677734","96.51808166503906","84","84","84","93.83671112060547","91.12277221679688","96.80276489257812","84","84","84","92.59163208007813","90.4498062133789","94.83110046386719"
"8600","85","85","85","92.5236602783203","89.73119354248047","95.92295837402344","85","85","85","92.14137115478516","90.27579498291016","93.28871154785156","85","85","85","91.63116149902343","90.24250030517578","92.79537200927734","85","85","85","93.2253189086914","92.0149154663086","95.5322265625"
"8700","86","86","86","93.09359130859374","91.04839324951172","96.3720703125","86","86","86","93.00406036376953","92.18761444091797","94.4736328125","86","86","86","91.9741195678711","89.81249237060547","94.08296203613281","86","86","86","92.42881317138672","91.7071304321289","93.50203704833984"
"8800","87","87","87","92.26112670898438","89.11902618408203","94.64915466308594","87","87","87","92.93973541259766","91.70321655273438","95.05860900878906","87","87","87","94.12019958496094","91.04782104492188","97.22176361083984","87","87","87","91.14196319580078","90.17414855957031","92.71817779541016"
"8900","88","88","88","92.0525390625","90.3476791381836","94.15699005126953","88","88","88","91.3922103881836","89.71004486083984","92.8847885131836","88","88","88","91.40886535644532","89.91748809814453","93.32687377929688","88","88","88","90.75810394287109","89.5865707397461","93.04972839355469"
"9000","89","89","89","90.61523742675782","88.639404296875","94.0513916015625","89","89","89","91.81305541992188","90.80315399169922","92.69598388671875","89","89","89","91.70516357421874","90.63909149169922","93.47687530517578","89","89","89","91.74540100097656","87.78314971923828","93.925048828125"
"9100","90","90","90","91.12003326416016","88.75868225097656","93.22126770019531","90","90","90","91.4876693725586","89.37696075439453","94.4485855102539","90","90","90","90.5770263671875","87.94239044189453","92.35958099365234","90","90","90","90.42717895507812","88.57312774658203","94.77052307128906"
"9200","91","91","91","91.37486114501954","89.11695098876953","94.09086608886719","91","91","91","90.94497375488281","90.32218170166016","92.03469848632812","91","91","91","91.10564422607422","89.88795471191406","93.76912689208984","91","91","91","91.06043090820313","89.45724487304688","92.38450622558594"
"9300","92","92","92","90.37799377441407","89.68740844726562","91.36327362060547","92","92","92","91.21884765625","88.61066436767578","92.4345932006836","92","92","92","90.76836547851562","89.68025207519531","92.09050750732422","92","92","92","91.04224548339843","88.07388305664062","93.58187103271484"
"9400","93","93","93","89.9443588256836","89.09960174560547","90.56366729736328","93","93","93","90.19435577392578","88.90904235839844","92.21728515625","93","93","93","88.79215545654297","87.83633422851562","91.41558074951172","93","93","93","89.3384292602539","87.00831604003906","91.42279052734375"
"9500","94","94","94","89.95126190185547","88.92729949951172","90.98696899414062","94","94","94","90.31610565185547","88.5573959350586","91.95389556884766","94","94","94","88.32186584472656","87.62997436523438","88.91681671142578","94","94","94","88.855615234375","85.04341125488281","93.33745574951172"
"9600","95","95","95","89.77042694091797","88.04170227050781","90.82850646972656","95","95","95","88.49238586425781","87.24729919433594","89.86170959472656","95","95","95","87.96297149658203","85.07984161376953","90.20897674560547","95","95","95","86.06091766357422","82.62203216552734","88.989501953125"
"9700","96","96","96","88.8931640625","87.4226303100586","90.79057312011719","96","96","96","90.1364974975586","88.53822326660156","91.36039733886719","96","96","96","85.61487426757813","84.77757263183594","87.13676452636719","96","96","96","86.94422454833985","81.96041107177734","90.4424057006836"
"9800","97","97","97","87.39416046142578","86.38075256347656","88.17127990722656","97","97","97","87.67276306152344","86.57527923583984","88.88758087158203","97","97","97","85.67161712646484","83.72724151611328","87.4169692993164","97","97","97","84.39335784912109","79.94741821289062","88.45518493652344"
"9900","98","98","98","89.17868194580078","87.72432708740234","91.18599700927734","98","98","98","86.0535385131836","84.77459716796875","88.02064514160156","98","98","98","83.95726623535157","78.01850128173828","88.36283111572266","98","98","98","82.60200653076171","79.84425354003906","86.41169738769531"
"10000","99","99","99","87.51102447509766","86.43104553222656","88.29517364501953","99","99","99","84.92724914550782","82.04732513427734","86.76985931396484","99","99","99","81.36282043457031","79.1007080078125","85.47925567626953","99","99","99","80.45293273925782","78.62512969970703","83.84791564941406"
"10100","100","100","100","87.2927749633789","85.89644622802734","89.35955810546875","100","100","100","85.53978271484375","81.50738525390625","87.6778335571289","100","100","100","80.03837738037109","77.40367126464844","82.6417465209961","100","100","100","79.695068359375","78.66197204589844","80.78155517578125"
"10200","101","101","101","84.70011901855469","83.53694152832031","85.61782836914062","101","101","101","83.67317962646484","81.42345428466797","86.49161529541016","101","101","101","80.85073852539062","79.4776840209961","81.75818634033203","101","101","101","77.99505462646485","76.89008331298828","79.19998931884766"
"10300","102","102","102","84.27808837890625","81.44219970703125","85.21648406982422","102","102","102","81.71827239990235","79.1439437866211","84.03565216064453","102","102","102","79.0427978515625","78.13511657714844","80.76730346679688","102","102","102","77.66201934814453","75.72635650634766","80.02764892578125"
"10400","103","103","103","83.46553192138671","78.1665267944336","87.17473602294922","103","103","103","81.83551483154297","80.81297302246094","83.06047058105469","103","103","103","78.39588165283203","77.14495849609375","81.49627685546875","103","103","103","78.3044189453125","76.3851089477539","81.71269226074219"
"10500","104","104","104","82.0058380126953","77.77767944335938","85.23414611816406","104","104","104","79.95081329345703","77.50919342041016","82.11006164550781","104","104","104","79.32734985351563","76.58329772949219","80.55748748779297","104","104","104","77.28011169433594","76.05638122558594","78.53294372558594"
"10600","105","105","105","81.49572448730468","79.8030014038086","82.8843994140625","105","105","105","79.80940856933594","77.48919677734375","81.82411193847656","105","105","105","78.2040008544922","76.62762451171875","79.13075256347656","105","105","105","76.89993743896484","75.68283081054688","78.71110534667969"
"10700","106","106","106","80.10934143066406","78.34795379638672","82.73321533203125","106","106","106","79.28567810058594","77.6536636352539","81.56636810302734","106","106","106","76.905908203125","74.57780456542969","79.05899047851562","106","106","106","76.37151489257812","75.42595672607422","77.84120178222656"
"10800","107","107","107","79.79002075195312","78.57506561279297","81.87277221679688","107","107","107","79.3502212524414","78.52628326416016","81.08158874511719","107","107","107","77.80375061035156","76.51424407958984","78.64768981933594","107","107","107","76.45042419433594","73.93318939208984","77.83698272705078"
"10900","108","108","108","78.90377044677734","76.7950210571289","80.42906188964844","108","108","108","77.57046661376953","74.984375","80.0304183959961","108","108","108","76.33971862792968","74.930419921875","77.64852905273438","108","108","108","76.20314025878906","74.3780746459961","77.03221893310547"
"11000","109","109","109","78.6579605102539","76.46295166015625","80.46047973632812","109","109","109","77.80601196289062","75.8249740600586","79.58527374267578","109","109","109","75.35547332763672","74.03300476074219","76.93177795410156","109","109","109","74.62325286865234","73.61193084716797","75.98909759521484"
"11100","110","110","110","79.16049346923828","76.7001724243164","81.43867492675781","110","110","110","77.04561309814453","75.87800598144531","78.40885162353516","110","110","110","76.48337860107422","74.54026794433594","77.72496032714844","110","110","110","73.80281066894531","72.62641143798828","75.30299377441406"
"11200","111","111","111","78.04815673828125","76.94673919677734","78.46873474121094","111","111","111","77.53061065673828","76.0048828125","78.3738021850586","111","111","111","75.15939483642578","74.07127380371094","76.80985260009766","111","111","111","74.64497375488281","73.3700942993164","76.15005493164062"
"11300","112","112","112","77.59136352539062","75.1609878540039","79.5748519897461","112","112","112","77.42315368652343","76.41361999511719","78.1528091430664","112","112","112","74.90221557617187","73.85385131835938","76.33787536621094","112","112","112","73.65710754394532","72.23910522460938","74.38191223144531"
"11400","113","113","113","78.2931411743164","75.98229217529297","81.34515380859375","113","113","113","76.43128509521485","75.30831146240234","77.58786010742188","113","113","113","75.08589782714844","74.8497314453125","75.59984588623047","113","113","113","72.97592315673828","70.86585998535156","74.94300842285156"
"11500","114","114","114","76.28907012939453","74.83318328857422","77.11701965332031","114","114","114","76.04468994140625","74.70284271240234","77.27471923828125","114","114","114","74.7402847290039","73.603271484375","75.518310546875","114","114","114","72.90057220458985","72.54164123535156","73.16919708251953"
"11600","115","115","115","76.14833221435546","74.43130493164062","77.60224914550781","115","115","115","76.14332275390625","75.29719543457031","76.99073028564453","115","115","115","73.89151306152344","72.1822280883789","75.38428497314453","115","115","115","73.17570343017579","72.6651840209961","74.70777130126953"
"11700","116","116","116","76.42464752197266","75.2929458618164","77.10144805908203","116","116","116","75.82122497558593","74.81401062011719","77.4249496459961","116","116","116","73.74896697998047","73.04183959960938","74.61368560791016","116","116","116","72.4563980102539","70.6805191040039","73.81301879882812"
"11800","117","117","117","75.55349273681641","72.89677429199219","77.09721374511719","117","117","117","75.83720245361329","75.07373046875","76.61894226074219","117","117","117","73.330029296875","71.90475463867188","74.71109771728516","117","117","117","72.18907928466797","71.6773681640625","72.81254577636719"
"11900","118","118","118","75.6423828125","70.14493560791016","78.03270721435547","118","118","118","75.58986053466796","74.66496276855469","76.45868682861328","118","118","118","73.96087646484375","73.1315689086914","74.75601196289062","118","118","118","72.25972290039063","71.09776306152344","73.29701232910156"
"12000","119","119","119","75.32518005371094","72.40693664550781","77.15159606933594","119","119","119","75.78383026123046","75.32483673095703","76.76518249511719","119","119","119","72.58951568603516","71.30841064453125","74.26508331298828","119","119","119","71.97685546875","71.65946197509766","72.18215942382812"
"12100","120","120","120","75.85916900634766","73.87890625","77.49951171875","120","120","120","74.29830780029297","73.53075408935547","75.86068725585938","120","120","120","72.70064239501953","71.66423034667969","73.21974182128906","120","120","120","71.89983825683593","70.45233154296875","73.63127899169922"
"12200","121","121","121","74.2655029296875","72.43508911132812","75.16487884521484","121","121","121","74.65765380859375","74.4283218383789","74.94346618652344","121","121","121","72.86817474365235","71.53788757324219","75.17070770263672","121","121","121","71.27164764404297","70.43977355957031","71.89046478271484"
"12300","122","122","122","75.09355773925782","73.54480743408203","76.30823516845703","122","122","122","74.14237213134766","73.20081329345703","75.67463684082031","122","122","122","72.15181732177734","71.57083892822266","72.9100341796875","122","122","122","70.81153564453125","70.603271484375","71.01624298095703"
"12400","123","123","123","74.8350601196289","73.19073486328125","76.31588745117188","123","123","123","74.1513671875","73.01933288574219","75.63520812988281","123","123","123","71.69548797607422","71.24800109863281","72.20478057861328","123","123","123","70.74210510253906","69.44917297363281","72.11505126953125"
"12500","124","124","124","73.44016723632812","71.42369079589844","74.9857406616211","124","124","124","74.34695281982422","72.0383071899414","75.74491119384766","124","124","124","71.44495697021485","70.46521759033203","73.33190155029297","124","124","124","70.63326568603516","69.59220886230469","72.05889892578125"
"12600","125","125","125","73.93070526123047","72.5389633178711","74.72974395751953","125","125","125","74.31992797851562","73.43653869628906","75.6593017578125","125","125","125","72.22337799072265","71.55001068115234","72.86963653564453","125","125","125","70.39475708007812","69.50128936767578","71.16529846191406"
"12700","126","126","126","73.73086547851562","72.25267791748047","75.79165649414062","126","126","126","73.97795867919922","73.05644989013672","75.06574249267578","126","126","126","70.81406707763672","69.65088653564453","72.51925659179688","126","126","126","70.14788055419922","68.96142578125","71.79316711425781"
"12800","127","127","127","73.13287963867188","72.5488052368164","73.70145416259766","127","127","127","73.45124969482421","72.33113861083984","74.6149673461914","127","127","127","71.42728271484376","70.4500732421875","72.13160705566406","127","127","127","69.89480895996094","68.95907592773438","70.56597900390625"
"12900","128","128","128","73.4094970703125","71.63758087158203","74.18722534179688","128","128","128","73.18914947509765","72.33010864257812","74.06306457519531","128","128","128","71.56926727294922","70.82713317871094","71.93416595458984","128","128","128","69.49985046386719","68.21404266357422","70.82145690917969"
"13000","129","129","129","72.34962768554688","70.04296112060547","74.04512023925781","129","129","129","73.18351440429687","72.8196029663086","73.6187744140625","129","129","129","71.01371002197266","70.49859619140625","71.59236145019531","129","129","129","69.52120513916016","68.23403930664062","70.9720687866211"
"13100","130","130","130","72.37205352783204","69.95211029052734","74.67461395263672","130","130","130","73.16913604736328","71.84718322753906","73.85191345214844","130","130","130","70.8969009399414","69.39331817626953","71.94302368164062","130","130","130","69.07287902832032","67.93341827392578","70.39337158203125"
"13200","131","131","131","71.50342559814453","69.43428802490234","74.07949829101562","131","131","131","73.04698028564454","72.1219711303711","74.2486801147461","131","131","131","70.48237609863281","69.63349914550781","70.98928833007812","131","131","131","68.78002471923828","67.36597442626953","69.72232055664062"
"13300","132","132","132","71.46983642578125","68.37430572509766","73.10980224609375","132","132","132","72.39577178955078","71.79552459716797","73.56552124023438","132","132","132","70.2918716430664","69.37897491455078","71.0157470703125","132","132","132","69.14147186279297","67.01226806640625","70.08641815185547"
"13400","133","133","133","71.7364501953125","70.08729553222656","74.52586364746094","133","133","133","72.46102142333984","71.5872802734375","73.64575958251953","133","133","133","70.44692535400391","69.11874389648438","71.400146484375","133","133","133","68.59042663574219","67.20746612548828","69.77255249023438"
"13500","134","134","134","71.93507385253906","69.88819122314453","73.87561798095703","134","134","134","72.05871887207032","71.46031188964844","73.13760375976562","134","134","134","70.37489318847656","67.8714370727539","71.87759399414062","134","134","134","68.32006225585937","66.7081069946289","69.16580963134766"
"13600","135","135","135","71.53567810058594","69.76013946533203","73.1322250366211","135","135","135","72.32877349853516","71.17428588867188","72.73499298095703","135","135","135","69.82606048583985","67.90074157714844","70.63663482666016","135","135","135","67.64375","65.61336517333984","68.90159606933594"
"13700","136","136","136","71.36974334716797","69.41573333740234","73.0281753540039","136","136","136","72.13798828125","70.74816131591797","72.8365478515625","136","136","136","69.43252410888672","68.86079406738281","70.2656478881836","136","136","136","66.61699523925782","64.2314224243164","68.40969848632812"
"13800","137","137","137","70.88050384521485","68.6297836303711","72.1457290649414","137","137","137","71.35284729003907","70.01622772216797","72.27037811279297","137","137","137","69.16836242675781","67.29364013671875","70.16810607910156","137","137","137","66.13912658691406","64.21660614013672","68.39280700683594"
"13900","138","138","138","69.91607971191407","67.88069915771484","72.2958755493164","138","138","138","71.63151550292969","69.97872924804688","72.8462905883789","138","138","138","69.12467041015626","68.33965301513672","70.2458724975586","138","138","138","66.08370437622071","63.733951568603516","67.71776580810547"
"14000","139","139","139","69.05877685546875","67.48221588134766","70.97244262695312","139","139","139","71.08014221191407","70.45140075683594","72.27361297607422","139","139","139","68.8969482421875","67.90504455566406","69.98186492919922","139","139","139","65.61047821044922","62.83171081542969","67.44507598876953"
"14100","140","140","140","69.37865295410157","67.56188201904297","71.68496704101562","140","140","140","71.20492858886719","70.2069320678711","72.36381530761719","140","140","140","68.32967681884766","66.70833587646484","69.3203353881836","140","140","140","65.45102920532227","62.40982437133789","66.92343139648438"
"14200","141","141","141","69.25837860107421","67.9212417602539","70.8776626586914","141","141","141","71.2735580444336","70.39567565917969","72.04596710205078","141","141","141","68.71430358886718","67.95524597167969","69.06375122070312","141","141","141","64.72628707885742","62.19663619995117","66.51500701904297"
"14300","142","142","142","69.35214538574219","66.72246551513672","70.8957290649414","142","142","142","70.75202026367188","69.76863861083984","71.33074188232422","142","142","142","68.52574768066407","67.71014404296875","68.86833953857422","142","142","142","64.29354476928711","60.947452545166016","66.27536010742188"
"14400","143","143","143","68.93451080322265","66.80683898925781","70.76399993896484","143","143","143","70.45348052978515","69.85557556152344","70.971435546875","143","143","143","68.18247985839844","67.67826843261719","68.59149932861328","143","143","143","64.17386398315429","60.69632339477539","66.07257080078125"
"14500","144","144","144","68.87006988525391","65.96932983398438","70.19459533691406","144","144","144","70.08402404785156","68.89019012451172","70.55183410644531","144","144","144","67.84591827392578","66.9946060180664","68.76191711425781","144","144","144","64.1587303161621","61.42201614379883","66.8870620727539"
"14600","145","145","145","68.42146148681641","66.021728515625","69.68372344970703","145","145","145","70.18669891357422","69.861328125","70.48123931884766","145","145","145","67.80375823974609","67.5260238647461","68.09925079345703","145","145","145","63.65995635986328","60.163482666015625","65.83440399169922"
"14700","146","146","146","67.59770050048829","66.60114288330078","69.43079376220703","146","146","146","70.1794204711914","69.49263763427734","71.263671875","146","146","146","68.02584533691406","66.71684265136719","68.87610626220703","146","146","146","63.01471633911133","60.46127700805664","65.09517669677734"
"14800","147","147","147","66.84522705078125","64.92396545410156","69.34432983398438","147","147","147","70.01795959472656","69.00130462646484","70.80534362792969","147","147","147","67.61154632568359","66.56167602539062","68.82196807861328","147","147","147","63.157161712646484","59.715370178222656","65.09061431884766"
"14900","148","148","148","66.67900238037109","64.10395050048828","69.09542083740234","148","148","148","69.83987579345703","69.5626220703125","70.62040710449219","148","148","148","67.01524963378907","65.9604263305664","67.49286651611328","148","148","148","62.566130828857425","60.31883239746094","65.0523452758789"
"15000","149","149","149","66.57086334228515","64.16483306884766","69.80777740478516","149","149","149","69.62968292236329","69.1457748413086","70.15814208984375","149","149","149","67.08643646240235","66.31637573242188","67.6218032836914","149","149","149","62.41057510375977","59.31438446044922","64.36856079101562"
"15100","150","150","150","66.01272811889649","63.49441146850586","68.5293960571289","150","150","150","69.5800048828125","68.94173431396484","70.23960876464844","150","150","150","67.15228424072265","66.88973999023438","67.47299194335938","150","150","150","62.23210067749024","59.075836181640625","64.12897491455078"
"15200","151","151","151","65.55498580932617","63.353965759277344","68.91815185546875","151","151","151","69.57333831787109","69.1826400756836","70.13368225097656","151","151","151","66.48516082763672","65.92314147949219","67.4474868774414","151","151","151","62.249411010742186","59.399993896484375","63.60611343383789"
"15300","152","152","152","65.40315628051758","63.55317306518555","67.72930145263672","152","152","152","68.76887664794921","67.16483306884766","69.85049438476562","152","152","152","66.37149200439453","65.72290802001953","67.92819213867188","152","152","152","61.7330924987793","58.64054489135742","63.78966522216797"
"15400","153","153","153","66.02528457641601","63.81303787231445","70.15840911865234","153","153","153","68.79620971679688","66.800048828125","70.0851058959961","153","153","153","66.41873626708984","65.63736724853516","67.227294921875","153","153","153","61.5316665649414","58.328163146972656","64.06463623046875"
"15500","154","154","154","65.47232818603516","64.03936767578125","67.84522247314453","154","154","154","68.37796020507812","66.7268295288086","69.55046844482422","154","154","154","66.00238037109375","65.6786880493164","66.1762466430664","154","154","154","61.51919784545898","58.34761428833008","64.01475524902344"
"15600","155","155","155","64.9217430114746","63.676719665527344","66.74143981933594","155","155","155","68.00162200927734","66.29168701171875","69.1796646118164","155","155","155","65.73820419311524","63.9831657409668","66.94469451904297","155","155","155","61.223978424072264","58.261924743652344","63.536109924316406"
"15700","156","156","156","64.8877456665039","63.274417877197266","66.66879272460938","156","156","156","68.05326385498047","66.97689819335938","69.55393981933594","156","156","156","65.37030944824218","64.39454650878906","66.08964538574219","156","156","156","61.05329971313476","57.90150833129883","63.69661331176758"
"15800","157","157","157","64.54918746948242","62.87978744506836","66.69649505615234","157","157","157","67.8769287109375","66.5610122680664","69.0163345336914","157","157","157","65.71653442382812","64.81405639648438","66.5872802734375","157","157","157","60.56219711303711","58.0988655090332","62.71813201904297"
"15900","158","158","158","64.61017074584962","63.33610153198242","66.50823211669922","158","158","158","67.34594421386718","66.02761840820312","68.56970977783203","158","158","158","65.32683715820312","64.4269027709961","67.06731414794922","158","158","158","60.34733123779297","57.6485710144043","63.935585021972656"
"16000","159","159","159","64.6100845336914","63.43692398071289","66.85619354248047","159","159","159","67.42041320800782","65.795166015625","68.62212371826172","159","159","159","65.45718841552734","64.46170806884766","66.92407989501953","159","159","159","59.86246795654297","57.01988220214844","62.74280548095703"
"16100","160","160","160","64.1867462158203","61.91368103027344","66.44597625732422","160","160","160","67.04541015625","65.65141296386719","68.31044006347656","160","160","160","64.99191436767578","64.11044311523438","66.7387466430664","160","160","160","59.94057388305664","57.29874801635742","62.9155387878418"
"16200","161","161","161","64.22815856933593","63.06515884399414","65.99160766601562","161","161","161","66.96660003662109","65.33184814453125","68.87203216552734","161","161","161","64.75101318359376","63.51703643798828","66.72843933105469","161","161","161","59.929891204833986","57.41069412231445","62.30418395996094"
"16300","162","162","162","64.13968276977539","62.45969772338867","66.34361267089844","162","162","162","66.2413314819336","65.3804931640625","68.1799545288086","162","162","162","64.91267471313476","63.46255874633789","66.76642608642578","162","162","162","59.10358428955078","56.26943588256836","61.74417495727539"
"16400","163","163","163","63.77013092041015","62.48539352416992","65.60880279541016","163","163","163","66.1296173095703","65.31939697265625","67.29254150390625","163","163","163","65.10716552734375","64.00904083251953","66.51435089111328","163","163","163","59.2189582824707","56.689266204833984","62.430843353271484"
"16500","164","164","164","63.64273300170898","62.489105224609375","65.25261688232422","164","164","164","65.90081787109375","64.89787292480469","68.0246810913086","164","164","164","64.91715393066406","63.926422119140625","66.51070404052734","164","164","164","60.10423736572265","58.04601287841797","62.89113998413086"
"16600","165","165","165","63.73721008300781","62.43718338012695","65.55267333984375","165","165","165","66.0498550415039","65.11663818359375","67.24150848388672","165","165","165","64.1685577392578","62.85195541381836","65.71510314941406","165","165","165","59.27734298706055","56.7283821105957","62.00980758666992"
"16700","166","166","166","63.635136413574216","62.43108367919922","65.21296691894531","166","166","166","65.66773223876953","64.73698425292969","66.87672424316406","166","166","166","64.221728515625","62.739261627197266","65.33223724365234","166","166","166","59.30306854248047","55.9968376159668","63.02635192871094"
"16800","167","167","167","63.3921401977539","62.679962158203125","64.97999572753906","167","167","167","65.61030731201171","64.74510192871094","66.50080108642578","167","167","167","64.220166015625","62.64984130859375","66.06443786621094","167","167","167","59.36093673706055","56.05186080932617","62.050376892089844"
"16900","168","168","168","63.39867248535156","62.37905502319336","64.7426528930664","168","168","168","65.59793395996094","65.09046936035156","66.46604919433594","168","168","168","64.17791748046875","62.54540252685547","66.06959533691406","168","168","168","59.04416732788086","55.99020004272461","62.65740203857422"
"17000","169","169","169","63.12266845703125","62.34705352783203","64.6683349609375","169","169","169","65.18119735717774","63.8917350769043","66.11552429199219","169","169","169","63.98160400390625","61.8044548034668","66.44998168945312","169","169","169","59.24396438598633","56.7459716796875","62.62678527832031"
"17100","170","170","170","63.15296859741211","62.35240173339844","64.9859619140625","170","170","170","65.27878265380859","64.33414459228516","65.89894104003906","170","170","170","64.51579513549805","62.595157623291016","66.68904113769531","170","170","170","58.89421005249024","56.37282943725586","61.83187484741211"
"17200","171","171","171","63.21816864013672","62.07632064819336","65.3145751953125","171","171","171","65.06413879394532","64.57406616210938","65.48754119873047","171","171","171","63.88964309692383","61.836097717285156","65.85655212402344","171","171","171","58.47650146484375","55.46204376220703","61.858489990234375"
"17300","172","172","172","63.20245513916016","62.264644622802734","65.6055679321289","172","172","172","64.79620208740235","64.11170196533203","65.54019165039062","172","172","172","63.64140014648437","61.91299819946289","65.45407104492188","172","172","172","58.86006240844726","55.72419738769531","62.47295379638672"
"17400","173","173","173","62.79693832397461","61.8251838684082","64.91211700439453","173","173","173","64.50334548950195","63.7761116027832","65.07183837890625","173","173","173","63.35149612426758","61.966732025146484","64.98673248291016","173","173","173","58.84206085205078","55.81648635864258","62.24059295654297"
"17500","174","174","174","62.9653205871582","62.4279899597168","64.84451293945312","174","174","174","64.38679122924805","63.80166244506836","64.98600769042969","174","174","174","63.471903228759764","62.219058990478516","65.16065979003906","174","174","174","58.733394622802734","55.774261474609375","62.41732406616211"
"17600","175","175","175","62.94059295654297","61.865325927734375","65.03023529052734","175","175","175","64.65033569335938","63.86589050292969","65.27774810791016","175","175","175","63.49511184692383","61.454627990722656","65.43987274169922","175","175","175","58.68131713867187","56.03855895996094","61.83687973022461"
"17700","176","176","176","63.00007629394531","61.97737503051758","65.09600067138672","176","176","176","64.40604934692382","63.412723541259766","65.00666046142578","176","176","176","63.31640701293945","60.60481262207031","65.15487670898438","176","176","176","58.64758377075195","55.35740280151367","61.705692291259766"
"17800","177","177","177","62.71874847412109","61.80816650390625","64.92643737792969","177","177","177","64.3315803527832","63.379634857177734","64.80481719970703","177","177","177","63.328772735595706","60.96575927734375","65.7946548461914","177","177","177","58.47612533569336","55.24412155151367","61.06313705444336"
"17900","178","178","178","62.702275085449216","61.80182647705078","64.87491607666016","178","178","178","64.47662811279297","63.50464630126953","65.5799560546875","178","178","178","62.85829620361328","60.9283447265625","64.56278228759766","178","178","178","58.75437927246094","56.1495361328125","61.81293869018555"
"18000","179","179","179","62.81535034179687","62.114402770996094","64.90763092041016","179","179","179","64.43507843017578","63.39434814453125","64.94847106933594","179","179","179","62.97076263427734","61.34757614135742","64.40336608886719","179","179","179","58.305320739746094","55.86017990112305","61.26753616333008"
"18100","180","180","180","62.6600227355957","61.74944305419922","64.78466796875","180","180","180","64.15302658081055","63.65415573120117","64.43816375732422","180","180","180","62.92376861572266","61.49695587158203","64.7451171875","180","180","180","58.79870376586914","56.03492736816406","61.88893508911133"
"18200","181","181","181","62.87357177734375","62.079044342041016","65.3218994140625","181","181","181","64.30601119995117","63.58284378051758","64.76329040527344","181","181","181","62.90045852661133","61.32205581665039","64.15086364746094","181","181","181","58.187530517578125","55.516300201416016","60.99653625488281"
"18300","182","182","182","62.6540885925293","61.84170150756836","64.922607421875","182","182","182","64.04492874145508","63.34218215942383","64.45909881591797","182","182","182","62.52210159301758","59.9255485534668","64.78717803955078","182","182","182","58.65046157836914","56.36720657348633","61.375247955322266"
"18400","183","183","183","62.57186431884766","61.766605377197266","64.61742401123047","183","183","183","64.17262573242188","63.437591552734375","64.79115295410156","183","183","183","62.87581558227539","61.43800735473633","64.56451416015625","183","183","183","58.20936126708985","55.526832580566406","60.44127655029297"
"18500","184","184","184","62.61702194213867","61.56742858886719","64.5423812866211","184","184","184","64.19726257324218","63.53028106689453","64.78107452392578","184","184","184","62.49129180908203","60.767250061035156","64.63713836669922","184","184","184","58.20307388305664","55.934478759765625","60.23305892944336"
"18600","185","185","185","62.79377670288086","61.99172592163086","65.01476287841797","185","185","185","64.12477111816406","63.092437744140625","64.73097229003906","185","185","185","62.23178329467773","60.35577392578125","63.77315139770508","185","185","185","58.32389678955078","55.60580062866211","61.12390899658203"
"18700","186","186","186","62.562035369873044","61.711341857910156","64.93003845214844","186","186","186","64.09390640258789","63.91328811645508","64.38016510009766","186","186","186","62.43056869506836","60.76007080078125","63.95705795288086","186","186","186","58.089070892333986","55.26612854003906","60.919010162353516"
"18800","187","187","187","62.73144378662109","61.758148193359375","65.23739624023438","187","187","187","63.978241729736325","62.788734436035156","64.81461334228516","187","187","187","62.328958129882814","60.6677360534668","63.61268997192383","187","187","187","58.15505142211914","55.77042007446289","60.799564361572266"
"18900","188","188","188","62.710899353027344","61.82233428955078","65.25482940673828","188","188","188","64.13576583862304","63.297462463378906","64.56028747558594","188","188","188","61.94492034912109","60.697853088378906","63.394866943359375","188","188","188","57.887543487548825","54.99839782714844","61.11205291748047"
"19000","189","189","189","62.5572265625","61.71398162841797","64.65209197998047","189","189","189","63.9534194946289","62.79649353027344","64.54625701904297","189","189","189","62.18912582397461","60.56565475463867","63.98310470581055","189","189","189","57.97524185180664","55.332542419433594","61.27363204956055"
"19100","190","190","190","62.581441497802736","61.82826232910156","64.45991516113281","190","190","190","64.0326057434082","63.76434326171875","64.61066436767578","190","190","190","62.41774978637695","61.047149658203125","63.561405181884766","190","190","190","57.67133102416992","55.3053092956543","60.54003143310547"
"19200","191","191","191","62.47196273803711","61.78620529174805","64.53608703613281","191","191","191","63.773501586914065","63.05486297607422","64.0353012084961","191","191","191","62.21177673339844","60.37954330444336","63.33556365966797","191","191","191","58.032447814941406","55.37881088256836","61.08210372924805"
"19300","192","192","192","62.567996978759766","61.92811584472656","64.6803970336914","192","192","192","63.90962448120117","63.64583206176758","64.1013412475586","192","192","192","61.857080078125","60.94578552246094","63.283206939697266","192","192","192","57.67674026489258","55.51158905029297","60.76661682128906"
"19400","193","193","193","62.520355224609375","61.85011672973633","64.26847839355469","193","193","193","63.96883316040039","63.38509750366211","64.21377563476562","193","193","193","62.021795654296874","60.625465393066406","63.311676025390625","193","193","193","57.993994140625","55.0135498046875","61.05667495727539"
"19500","194","194","194","62.54976959228516","61.87158203125","64.2156982421875","194","194","194","63.917076873779294","63.54110336303711","64.23444366455078","194","194","194","62.091548919677734","61.03056335449219","63.822017669677734","194","194","194","57.84514389038086","55.008602142333984","60.406227111816406"
"19600","195","195","195","62.53327331542969","61.62207794189453","64.6612548828125","195","195","195","63.83687133789063","63.174598693847656","64.21188354492188","195","195","195","61.67186279296875","60.27729415893555","63.488670349121094","195","195","195","57.877115631103514","55.92832946777344","60.532657623291016"
"19700","196","196","196","62.633181762695315","61.525962829589844","64.80569458007812","196","196","196","63.88136978149414","63.366573333740234","64.16378021240234","196","196","196","61.86127700805664","60.187843322753906","63.23638153076172","196","196","196","57.493081665039064","54.75234603881836","60.114070892333984"
"19800","197","197","197","62.333203887939455","61.631229400634766","64.22035217285156","197","197","197","63.84107894897461","63.46039581298828","64.06306457519531","197","197","197","61.30767974853516","60.37895584106445","62.411094665527344","197","197","197","57.55079650878906","55.37023162841797","60.27759552001953"
"19900","198","198","198","62.522187042236325","61.975284576416016","64.17774200439453","198","198","198","63.6513786315918","62.603214263916016","64.13336944580078","198","198","198","61.8969612121582","60.835994720458984","63.361106872558594","198","198","198","57.647376251220706","55.24674606323242","60.494632720947266"
"20000","199","199","199","62.26354904174805","61.531368255615234","64.46903991699219","199","199","199","63.68833618164062","63.16350555419922","64.0870132446289","199","199","199","61.86404800415039","60.90688705444336","63.339149475097656","199","199","199","57.78642196655274","55.05628204345703","61.26188278198242"
"20100","200","200","200","62.34717025756836","61.79398727416992","64.05193328857422","200","200","200","63.6619384765625","62.839351654052734","64.00225067138672","200","200","200","61.809374237060545","60.843875885009766","63.44762420654297","200","200","200","57.810401916503906","55.45173263549805","60.44354248046875"
"20200","201","201","201","62.26901092529297","61.59050750732422","64.09605407714844","201","201","201","63.623494720458986","62.913734436035156","64.06110382080078","201","201","201","61.3889762878418","60.5109977722168","62.663909912109375","201","201","201","57.99030303955078","55.12717056274414","60.79579162597656"
"20300","202","202","202","62.501957702636716","61.59401321411133","64.19971466064453","202","202","202","63.61994857788086","62.710330963134766","64.03520965576172","202","202","202","61.7244384765625","59.78691482543945","63.59122085571289","202","202","202","57.55930709838867","55.59425735473633","60.21355438232422"
"20400","203","203","203","62.19576644897461","61.50368118286133","63.985164642333984","203","203","203","63.67701187133789","62.649192810058594","64.14978790283203","203","203","203","61.94801559448242","60.21012496948242","63.204551696777344","203","203","203","57.593362426757814","55.188236236572266","60.58684158325195"
"20500","204","204","204","62.349185180664065","61.69815444946289","64.07707214355469","204","204","204","63.689370727539064","62.969844818115234","64.11351776123047","204","204","204","61.936134338378906","60.52694320678711","63.86132049560547","204","204","204","57.46248321533203","54.347225189208984","61.48944854736328"
"20600","205","205","205","62.34177474975586","61.58320617675781","64.094482421875","205","205","205","63.768121337890626","63.25202178955078","64.11707305908203","205","205","205","61.6917221069336","60.37900924682617","63.293460845947266","205","205","205","57.80520324707031","55.15261459350586","60.49607849121094"
"20700","206","206","206","62.29591293334961","61.54175567626953","64.27599334716797","206","206","206","63.57947998046875","62.47368240356445","64.10064697265625","206","206","206","61.489051055908206","60.445701599121094","62.34768295288086","206","206","206","57.55241241455078","54.68405532836914","60.17849349975586"
"20800","207","207","207","62.29154815673828","61.67084503173828","64.2009048461914","207","207","207","63.64269790649414","62.92656326293945","63.943382263183594","207","207","207","61.43134460449219","59.77090072631836","62.64308166503906","207","207","207","57.69097137451172","55.46245193481445","60.446258544921875"
"20900","208","208","208","62.222286987304685","61.65692138671875","63.870452880859375","208","208","208","63.5784294128418","62.76306915283203","64.2357406616211","208","208","208","61.36280136108398","59.67570877075195","63.09897994995117","208","208","208","57.64429550170898","55.17005157470703","60.05597686767578"
"21000","209","209","209","62.14891128540039","61.48207473754883","63.954288482666016","209","209","209","63.56820526123047","62.473533630371094","64.01737976074219","209","209","209","61.41577224731445","60.209617614746094","62.84539031982422","209","209","209","57.7767692565918","55.52143859863281","60.682456970214844"
"21100","210","210","210","62.31372756958008","61.719207763671875","64.0605697631836","210","210","210","63.6305046081543","62.552207946777344","63.995540618896484","210","210","210","61.504356384277344","59.77302932739258","63.43891525268555","210","210","210","57.41189804077148","54.92326354980469","59.86914825439453"
"21200","211","211","211","62.38947219848633","61.79299545288086","64.34408569335938","211","211","211","63.55617446899414","62.78731918334961","64.13636779785156","211","211","211","61.583159637451175","60.77738571166992","63.19648742675781","211","211","211","57.38372268676758","55.67609786987305","59.72964859008789"
"21300","212","212","212","62.369232940673825","61.59391784667969","64.37027740478516","212","212","212","63.591532135009764","62.97012710571289","63.88618087768555","212","212","212","61.44849472045898","59.86824035644531","62.698246002197266","212","212","212","57.789730072021484","55.02558517456055","60.18790054321289"
"21400","213","213","213","62.12610397338867","61.544151306152344","64.0728759765625","213","213","213","63.53565216064453","63.19190979003906","63.84814453125","213","213","213","61.784663391113284","60.51598358154297","63.06022262573242","213","213","213","57.735327911376956","54.9150390625","61.09636306762695"
"21500","214","214","214","62.198524475097656","61.51555633544922","64.35128021240234","214","214","214","63.5996696472168","62.88059997558594","64.09408569335938","214","214","214","61.64561538696289","60.40773010253906","63.154144287109375","214","214","214","57.72350006103515","54.7407341003418","60.988643646240234"
"21600","215","215","215","62.33228759765625","61.72559356689453","64.06970977783203","215","215","215","63.5702621459961","62.80893325805664","64.00436401367188","215","215","215","61.628266143798825","60.72634506225586","62.338314056396484","215","215","215","57.73607330322265","55.14656066894531","60.45124816894531"
"21700","216","216","216","62.42130661010742","61.81415939331055","64.49744415283203","216","216","216","63.43191375732422","62.5035400390625","63.907203674316406","216","216","216","61.6767074584961","60.44646072387695","62.994808197021484","216","216","216","57.739515686035155","55.11626434326172","60.5467529296875"
"21800","217","217","217","62.351922607421876","61.76873016357422","64.0796890258789","217","217","217","63.547061157226565","62.85429763793945","63.989280700683594","217","217","217","61.875067138671874","60.441104888916016","62.91326904296875","217","217","217","57.22293472290039","54.727962493896484","59.932273864746094"
"21900","218","218","218","62.33100967407226","61.71207809448242","64.02333068847656","218","218","218","63.72887649536133","63.037132263183594","64.29967498779297","218","218","218","61.84151000976563","60.927635192871094","63.10702896118164","218","218","218","57.397393798828126","55.366302490234375","59.968441009521484"
"22000","219","219","219","62.25751647949219","61.58472442626953","64.24156188964844","219","219","219","63.57220306396484","63.08124923706055","63.904335021972656","219","219","219","61.36382827758789","60.224666595458984","62.60506057739258","219","219","219","57.313690948486325","55.04746627807617","60.6368293762207"
"22100","220","220","220","62.19456100463867","61.507625579833984","63.901275634765625","220","220","220","63.56482620239258","62.96006774902344","64.10968017578125","220","220","220","61.41175994873047","59.7726936340332","63.01570129394531","220","220","220","57.564945220947266","55.261322021484375","60.202659606933594"
"22200","221","221","221","62.396856689453124","61.75682830810547","64.12246704101562","221","221","221","63.58794631958008","62.783512115478516","64.10151672363281","221","221","221","61.671531677246094","60.461421966552734","63.24467468261719","221","221","221","57.390089416503905","55.089561462402344","59.95930862426758"
"22300","222","222","222","62.224734497070315","61.73326110839844","63.92662048339844","222","222","222","63.373015594482425","62.28319549560547","63.77832794189453","222","222","222","61.609492492675784","60.91030502319336","62.53548049926758","222","222","222","57.14126281738281","55.30935287475586","59.69332504272461"
"22400","223","223","223","62.27577590942383","61.640262603759766","64.15804290771484","223","223","223","63.57186050415039","62.47196960449219","64.0489730834961","223","223","223","61.928803253173825","60.803504943847656","63.204750061035156","223","223","223","57.16976623535156","55.368896484375","59.61009216308594"
"22500","224","224","224","62.56666870117188","61.812538146972656","64.73640441894531","224","224","224","63.69579544067383","63.29410171508789","64.19615936279297","224","224","224","61.46945037841797","59.843196868896484","63.373321533203125","224","224","224","57.29851455688477","54.779537200927734","60.088157653808594"
"22600","225","225","225","62.1618148803711","61.646644592285156","64.03369903564453","225","225","225","63.57460479736328","62.91795349121094","64.00218200683594","225","225","225","61.150447845458984","59.95616149902344","62.60313415527344","225","225","225","57.64607620239258","55.59449005126953","60.1213264465332"
"22700","226","226","226","62.296331787109374","61.73432159423828","64.20024871826172","226","226","226","63.43370513916015","62.38394546508789","63.83787536621094","226","226","226","61.71367263793945","60.7125358581543","62.945777893066406","226","226","226","57.51007614135742","55.29429244995117","60.529441833496094"
"22800","227","227","227","62.03705749511719","61.44331359863281","63.99977111816406","227","227","227","63.43561706542969","62.24018859863281","64.31219482421875","227","227","227","61.863118743896486","60.163246154785156","63.75131607055664","227","227","227","57.53331069946289","55.782623291015625","60.387611389160156"
"22900","228","228","228","62.22416229248047","61.49928665161133","64.22943878173828","228","228","228","63.458920288085935","62.73421859741211","63.96705627441406","228","228","228","62.19720458984375","60.686527252197266","63.75895690917969","228","228","228","57.29961166381836","55.303001403808594","60.04136657714844"
"23000","229","229","229","62.2706184387207","61.68039321899414","63.864601135253906","229","229","229","63.463034057617186","62.68608093261719","63.706295013427734","229","229","229","61.677128601074216","60.416343688964844","63.197021484375","229","229","229","57.10136260986328","54.94953536987305","59.89704132080078"
"23100","230","230","230","62.36343231201172","61.827980041503906","64.21910858154297","230","230","230","63.52929534912109","62.7257194519043","63.982948303222656","230","230","230","61.49356918334961","60.1824836730957","62.53255844116211","230","230","230","57.43914031982422","54.906005859375","60.55977249145508"
"23200","231","231","231","62.216740417480466","61.64522933959961","64.19486999511719","231","231","231","63.462842559814455","62.244781494140625","64.25611877441406","231","231","231","61.3563346862793","60.10160827636719","62.95587158203125","231","231","231","57.37752914428711","54.63258743286133","60.26717758178711"
"23300","232","232","232","62.326673889160155","61.51579284667969","64.3337631225586","232","232","232","63.41732406616211","62.37546920776367","64.01202392578125","232","232","232","61.62384719848633","60.052978515625","62.893646240234375","232","232","232","57.05642318725586","54.89260482788086","60.305789947509766"
"23400","233","233","233","62.23921127319336","61.65304183959961","64.27651977539062","233","233","233","63.53766784667969","63.008575439453125","64.05908966064453","233","233","233","61.86845169067383","61.037166595458984","63.41291427612305","233","233","233","57.37894058227539","54.69923782348633","60.33261489868164"
"23500","234","234","234","62.16758422851562","61.44435119628906","63.98408126831055","234","234","234","63.525122833251956","62.27914047241211","64.26937866210938","234","234","234","61.702117156982425","60.328590393066406","62.830467224121094","234","234","234","57.085313415527345","54.433326721191406","60.43521499633789"
"23600","235","235","235","62.20733642578125","61.53774642944336","64.00556945800781","235","235","235","63.425513458251956","62.468955993652344","63.93696975708008","235","235","235","61.51267623901367","59.856300354003906","63.38799285888672","235","235","235","57.1249496459961","54.20293045043945","59.84425735473633"
"23700","236","236","236","62.27234573364258","61.757328033447266","64.0239486694336","236","236","236","63.33164825439453","62.34117889404297","63.65913009643555","236","236","236","61.38382568359375","60.06743240356445","62.59416961669922","236","236","236","57.12445831298828","54.9456672668457","60.76572799682617"
"23800","237","237","237","62.424494934082034","61.81435775756836","64.0211410522461","237","237","237","63.36328811645508","62.56739807128906","63.71803283691406","237","237","237","61.83706512451172","60.53492736816406","63.4903678894043","237","237","237","57.657658386230466","55.39765167236328","60.35050964355469"
"23900","238","238","238","62.3082992553711","61.61592483520508","63.92084503173828","238","238","238","63.27205352783203","61.94773483276367","63.7650146484375","238","238","238","61.9285385131836","60.965965270996094","63.635963439941406","238","238","238","57.45334930419922","55.30547332763672","60.58296585083008"
"24000","239","239","239","62.09163360595703","61.42707824707031","63.89437484741211","239","239","239","63.43534698486328","62.8873405456543","63.62997055053711","239","239","239","61.331529235839845","60.0716667175293","62.17911911010742","239","239","239","57.333065032958984","54.82350540161133","60.40077209472656"
"24100","240","240","240","62.15525817871094","61.65254592895508","63.938270568847656","240","240","240","63.389540100097655","62.569923400878906","63.69520568847656","240","240","240","61.63191299438476","60.47148513793945","62.96934127807617","240","240","240","57.1825813293457","55.241943359375","59.746482849121094"
"24200","241","241","241","62.12117156982422","61.38407897949219","64.11457824707031","241","241","241","63.40503616333008","62.142234802246094","63.97822570800781","241","241","241","61.45991897583008","60.22349166870117","62.89493179321289","241","241","241","57.34212112426758","55.44401168823242","59.48325729370117"
"24300","242","242","242","62.22507247924805","61.520347595214844","64.11034393310547","242","242","242","63.41537170410156","62.68994903564453","63.92558288574219","242","242","242","61.55305633544922","60.41111755371094","62.87327194213867","242","242","242","57.13262252807617","54.506473541259766","60.305606842041016"
"24400","243","243","243","62.29732666015625","61.576271057128906","64.13494873046875","243","243","243","63.30819931030273","62.279903411865234","63.719051361083984","243","243","243","61.726548767089845","59.12007141113281","63.4083137512207","243","243","243","57.62336807250976","55.14448928833008","60.47404479980469"
"24500","244","244","244","62.17679061889648","61.5649528503418","64.16056823730469","244","244","244","63.304185485839845","62.736019134521484","63.6153450012207","244","244","244","61.30619506835937","60.211219787597656","62.83583068847656","244","244","244","57.49637908935547","55.14997100830078","60.36064910888672"
"24600","245","245","245","62.31444320678711","61.553855895996094","64.13629150390625","245","245","245","63.30867691040039","62.16584014892578","63.814945220947266","245","245","245","61.79253997802734","60.614559173583984","63.00575256347656","245","245","245","57.154004669189455","54.670833587646484","60.2557487487793"
"24700","246","246","246","62.155086517333984","61.42341613769531","64.05516052246094","246","246","246","63.46494140625","62.76050567626953","63.877899169921875","246","246","246","61.94706726074219","60.98198318481445","63.742393493652344","246","246","246","57.173554229736325","55.2391471862793","59.66494369506836"
"24800","247","247","247","62.16140289306641","61.383277893066406","64.38389587402344","247","247","247","63.57659225463867","62.64200973510742","63.9500617980957","247","247","247","61.53342819213867","60.36992263793945","63.09611892700195","247","247","247","56.80787887573242","54.455848693847656","60.40887451171875"
"24900","248","248","248","62.07240600585938","61.508426666259766","64.05225372314453","248","248","248","63.39960403442383","62.389991760253906","64.05476379394531","248","248","248","61.448995971679686","60.31734848022461","62.75286865234375","248","248","248","56.81040267944336","54.768375396728516","59.55903625488281"
"25000","249","249","249","62.21699600219726","61.48662185668945","63.68667984008789","249","249","249","63.47609100341797","62.27059555053711","64.24171447753906","249","249","249","61.48995590209961","59.910850524902344","63.8612174987793","249","249","249","57.71385955810547","55.337867736816406","59.9516487121582"
"25100","250","250","250","62.11006164550781","61.49965286254883","63.768619537353516","250","250","250","63.27591323852539","62.75593566894531","63.6716423034668","250","250","250","61.641639709472656","60.31903076171875","63.16732406616211","250","250","250","57.16709899902344","55.295074462890625","59.63707733154297"
"25200","251","251","251","62.07134475708008","61.520931243896484","63.84855651855469","251","251","251","63.32084274291992","62.02189636230469","64.17435455322266","251","251","251","61.645005798339845","60.64689254760742","62.76633071899414","251","251","251","57.212466430664065","54.51759719848633","60.11061096191406"
"25300","252","252","252","62.07376937866211","61.481842041015625","64.0165023803711","252","252","252","63.30894088745117","62.4705696105957","63.71650314331055","252","252","252","61.62190628051758","60.577205657958984","63.1501350402832","252","252","252","57.488259887695314","55.76898193359375","59.927852630615234"
"25400","253","253","253","62.2555046081543","61.65230178833008","64.0406723022461","253","253","253","63.41270065307617","62.93120193481445","63.85993194580078","253","253","253","61.128221130371095","59.68717575073242","63.27680206298828","253","253","253","57.331362915039065","55.264801025390625","60.194862365722656"
"25500","254","254","254","62.10064926147461","61.592491149902344","63.795135498046875","254","254","254","63.37699508666992","62.293426513671875","64.01422119140625","254","254","254","61.60458526611328","60.72916030883789","62.956485748291016","254","254","254","57.385216522216794","54.96714401245117","60.33290481567383"
"25600","255","255","255","62.15522079467773","61.5185661315918","63.96006774902344","255","255","255","63.407979583740236","62.68620681762695","63.86619567871094","255","255","255","61.446126556396486","60.78737258911133","62.44011688232422","255","255","255","57.082174682617186","55.10383224487305","59.27537155151367"
"25700","256","256","256","62.08949279785156","61.620975494384766","63.69209289550781","256","256","256","63.412889862060545","61.920833587646484","63.923221588134766","256","256","256","61.26554412841797","59.80337905883789","62.3747673034668","256","256","256","57.21527786254883","55.27326202392578","60.142086029052734"
"25800","257","257","257","62.131979370117186","61.41454315185547","63.8564338684082","257","257","257","63.360986328125","62.472015380859375","63.77113342285156","257","257","257","61.1859375","59.8414306640625","62.28239059448242","257","257","257","56.96856918334961","54.76885223388672","60.19554901123047"
"25900","258","258","258","62.22780303955078","61.55619812011719","64.12901306152344","258","258","258","63.42567138671875","62.32987976074219","64.20978546142578","258","258","258","61.585364532470706","60.38869857788086","62.722686767578125","258","258","258","57.366065216064456","55.48391342163086","60.12010955810547"
"26000","259","259","259","62.093327331542966","61.395729064941406","64.15780639648438","259","259","259","63.40029602050781","62.5323371887207","63.91233444213867","259","259","259","61.36193084716797","60.1817741394043","62.663597106933594","259","259","259","57.19071807861328","54.69074630737305","59.90699005126953"
"26100","260","260","260","62.065782928466795","61.45874786376953","63.99291229248047","260","260","260","63.2514762878418","62.547725677490234","63.605224609375","260","260","260","61.51259078979492","60.37151336669922","63.01636505126953","260","260","260","56.93969573974609","54.10579299926758","60.94474411010742"
"26200","261","261","261","62.21733779907227","61.474544525146484","63.86326599121094","261","261","261","63.36946487426758","62.356849670410156","63.79845428466797","261","261","261","61.38294219970703","60.10300064086914","62.04962158203125","261","261","261","56.7797248840332","54.261600494384766","59.92982864379883"
"26300","262","262","262","62.1838493347168","61.614654541015625","64.18514251708984","262","262","262","63.46468963623047","62.05674743652344","63.896697998046875","262","262","262","61.46858444213867","60.159732818603516","63.192562103271484","262","262","262","56.882958984375","54.51039505004883","59.60491180419922"
"26400","263","263","263","62.07203369140625","61.44349670410156","63.73770523071289","263","263","263","63.2713623046875","62.008358001708984","63.8218994140625","263","263","263","61.83983306884765","60.513824462890625","63.75135040283203","263","263","263","57.281742858886716","55.18960189819336","60.08552932739258"
"26500","264","264","264","62.13111038208008","61.483394622802734","63.98933410644531","264","264","264","63.374044799804686","62.49378967285156","63.77755355834961","264","264","264","61.80052947998047","61.07359313964844","63.438072204589844","264","264","264","56.81345443725586","54.512481689453125","59.82378005981445"
"26600","265","265","265","62.14957046508789","61.68683624267578","63.711483001708984","265","265","265","63.41249542236328","62.43012619018555","63.79927444458008","265","265","265","61.66641082763672","60.43671417236328","63.49909210205078","265","265","265","57.34146423339844","55.175384521484375","59.92621994018555"
"26700","266","266","266","62.04609680175781","61.4201545715332","64.023193359375","266","266","266","63.274007415771486","62.20664978027344","63.76100158691406","266","266","266","61.603783416748044","60.47209930419922","62.79804992675781","266","266","266","57.02051315307617","54.544368743896484","59.94026565551758"
"26800","267","267","267","62.13993530273437","61.604774475097656","64.00895690917969","267","267","267","63.26231384277344","62.55557632446289","63.87075424194336","267","267","267","61.22460174560547","59.98139953613281","61.9708251953125","267","267","267","57.07837905883789","55.16339874267578","59.7255744934082"
"26900","268","268","268","62.09246139526367","61.599205017089844","63.76143264770508","268","268","268","63.57135925292969","62.14845657348633","64.38872528076172","268","268","268","61.44722213745117","60.02320861816406","62.47065734863281","268","268","268","57.21751327514649","55.03057098388672","60.468143463134766"
"27000","269","269","269","62.18329772949219","61.648319244384766","63.794227600097656","269","269","269","63.296546173095706","62.14369583129883","63.879329681396484","269","269","269","61.54293975830078","60.07000732421875","62.942012786865234","269","269","269","57.62026443481445","55.062660217285156","60.313270568847656"
"27100","270","270","270","62.245077514648436","61.767723083496094","63.88911437988281","270","270","270","63.34499664306641","62.54928207397461","63.78734588623047","270","270","270","61.66736831665039","60.75972366333008","62.69260025024414","270","270","270","57.15125503540039","54.96908187866211","59.963687896728516"
"27200","271","271","271","62.155470275878905","61.532840728759766","63.968284606933594","271","271","271","63.24615325927734","62.209014892578125","63.59620666503906","271","271","271","61.223035430908205","59.93671417236328","62.63688278198242","271","271","271","57.363485717773436","54.71080780029297","59.8502311706543"
"27300","272","272","272","62.127174377441406","61.57300567626953","64.00167083740234","272","272","272","63.36355743408203","62.60968780517578","63.959739685058594","272","272","272","60.969730377197266","59.6303596496582","62.90330123901367","272","272","272","57.07924575805664","54.714637756347656","59.85260772705078"
"27400","273","273","273","61.95059585571289","61.33634948730469","63.754825592041016","273","273","273","63.43006057739258","62.0701904296875","63.928977966308594","273","273","273","61.750701904296875","60.522056579589844","63.8141975402832","273","273","273","56.83213729858399","54.887855529785156","60.37310791015625"
"27500","274","274","274","61.97378158569336","61.38307189941406","63.79425048828125","274","274","274","63.311353302001955","62.01298522949219","63.97698211669922","274","274","274","61.225154876708984","59.7071533203125","63.23752212524414","274","274","274","57.25839767456055","54.6225471496582","59.96577835083008"
"27600","275","275","275","62.07102737426758","61.489662170410156","63.98966598510742","275","275","275","63.08038558959961","61.75534439086914","63.715457916259766","275","275","275","61.608795928955075","60.31465148925781","63.11896896362305","275","275","275","57.10193405151367","55.220619201660156","60.17026138305664"
"27700","276","276","276","62.13837585449219","61.57692337036133","63.979461669921875","276","276","276","63.27241744995117","62.35466766357422","63.623687744140625","276","276","276","61.39050140380859","59.988983154296875","62.77599334716797","276","276","276","57.45050277709961","55.11375427246094","60.207984924316406"
"27800","277","277","277","62.02809066772461","61.482810974121094","63.7316780090332","277","277","277","63.33105392456055","61.9815559387207","63.99882507324219","277","277","277","61.49916000366211","60.35126876831055","62.220191955566406","277","277","277","56.6483657836914","54.66977310180664","59.39149856567383"
"27900","278","278","278","62.179917907714845","61.59371566772461","63.96324920654297","278","278","278","63.35359191894531","62.174659729003906","63.86735153198242","278","278","278","61.29527359008789","60.186466217041016","62.973472595214844","278","278","278","56.80758361816406","54.1935920715332","59.83995056152344"
"28000","279","279","279","62.10746536254883","61.42681121826172","63.84999465942383","279","279","279","63.34960098266602","61.95361328125","63.97111129760742","279","279","279","61.45537338256836","59.530399322509766","63.411373138427734","279","279","279","57.06215286254883","55.040870666503906","59.743587493896484"
"28100","280","280","280","62.033721160888675","61.41712951660156","63.8117790222168","280","280","280","63.24439315795898","62.15138626098633","63.90508270263672","280","280","280","61.45234298706055","60.56367492675781","63.034908294677734","280","280","280","57.37809677124024","54.962669372558594","60.63418960571289"
"28200","281","281","281","62.045536804199216","61.33634948730469","63.90994644165039","281","281","281","63.193441009521486","62.25338363647461","63.52259063720703","281","281","281","61.57413787841797","60.30677795410156","62.42222213745117","281","281","281","57.17920989990235","54.86650085449219","59.8066291809082"
"28300","282","282","282","62.090509033203126","61.48681640625","64.0973892211914","282","282","282","63.3243766784668","62.2403564453125","63.803131103515625","282","282","282","61.61083297729492","60.217620849609375","62.785640716552734","282","282","282","57.39227447509766","55.658390045166016","60.027034759521484"
"28400","283","283","283","62.23237533569336","61.50836944580078","64.01322937011719","283","283","283","63.27495651245117","62.55900192260742","63.6676139831543","283","283","283","61.704444122314456","60.28942108154297","62.884552001953125","283","283","283","56.70874099731445","55.01570129394531","59.18986892700195"
"28500","284","284","284","62.17289581298828","61.50857925415039","63.84944152832031","284","284","284","63.216259765625","62.16414260864258","63.75372314453125","284","284","284","61.48125305175781","59.87323760986328","62.67575454711914","284","284","284","57.152930450439456","54.833984375","59.87337112426758"
"28600","285","285","285","61.96351928710938","61.42979431152344","63.82752990722656","285","285","285","63.26005630493164","62.230072021484375","63.798397064208984","285","285","285","61.04406890869141","59.98027038574219","62.729610443115234","285","285","285","56.96661376953125","54.919410705566406","60.08727264404297"
"28700","286","286","286","61.98057327270508","61.383277893066406","64.01697540283203","286","286","286","63.2870491027832","62.31528091430664","63.94248962402344","286","286","286","61.438822174072264","60.076148986816406","63.16958999633789","286","286","286","56.89073944091797","54.327735900878906","59.61311340332031"
"28800","287","287","287","62.06607360839844","61.48688888549805","64.05842590332031","287","287","287","63.30309982299805","62.11467361450195","63.75890350341797","287","287","287","61.430582427978514","60.6075553894043","62.60735321044922","287","287","287","56.82790298461914","54.40383529663086","59.59701156616211"
"28900","288","288","288","62.13410415649414","61.4877815246582","63.803428649902344","288","288","288","63.45505065917969","61.96016311645508","64.21868896484375","288","288","288","61.580419921875","60.391395568847656","63.47419738769531","288","288","288","56.93447265625","54.8819580078125","59.684810638427734"
"29000","289","289","289","62.16407012939453","61.48863220214844","63.95503234863281","289","289","289","63.25073089599609","62.48124313354492","63.728271484375","289","289","289","61.32311935424805","59.828575134277344","62.645076751708984","289","289","289","56.93268585205078","54.36986541748047","60.1451301574707"
"29100","290","290","290","62.041314697265626","61.5048713684082","63.81611251831055","290","290","290","63.30508728027344","62.12953567504883","63.80519485473633","290","290","290","61.280381774902345","59.88145065307617","62.46582794189453","290","290","290","56.9275260925293","54.659034729003906","59.77267074584961"
"29200","291","291","291","62.03927917480469","61.33634948730469","63.832435607910156","291","291","291","63.33749160766602","62.61201095581055","63.6798210144043","291","291","291","61.576951599121095","59.99812316894531","62.89136505126953","291","291","291","56.939727783203125","54.37250518798828","60.12513732910156"
"29300","292","292","292","62.17802810668945","61.610294342041016","64.01072692871094","292","292","292","63.09740676879883","62.171791076660156","63.71689987182617","292","292","292","61.153462982177736","59.90940856933594","62.188880920410156","292","292","292","57.1765640258789","54.888336181640625","60.13658142089844"
"29400","293","293","293","62.07755737304687","61.508689880371094","63.68476104736328","293","293","293","63.265625","62.09292221069336","63.682952880859375","293","293","293","61.58446350097656","59.811309814453125","63.709896087646484","293","293","293","57.154100799560545","54.89451217651367","60.24797821044922"
"29500","294","294","294","62.085234832763675","61.43101119995117","63.657432556152344","294","294","294","63.27873764038086","62.36800765991211","63.79566955566406","294","294","294","61.166221618652344","60.469974517822266","61.888465881347656","294","294","294","56.950337982177736","54.97294616699219","60.08231735229492"
"29600","295","295","295","62.07533340454101","61.463924407958984","64.01813507080078","295","295","295","63.25465087890625","62.25529479980469","63.74242401123047","295","295","295","61.63387451171875","61.091339111328125","62.48271560668945","295","295","295","57.35781402587891","55.1702766418457","59.975162506103516"
"29700","296","296","296","62.09087371826172","61.42341995239258","64.02854919433594","296","296","296","63.12643127441406","61.76777648925781","63.777244567871094","296","296","296","61.6212272644043","60.808963775634766","62.695030212402344","296","296","296","57.09376525878906","54.92531967163086","60.00493240356445"
"29800","297","297","297","62.14505844116211","61.47433853149414","63.95790481567383","297","297","297","63.29966354370117","62.31583786010742","63.87101745605469","297","297","297","61.2527587890625","60.38534927368164","63.394901275634766","297","297","297","56.58366928100586","54.57472229003906","59.73522186279297"
"29900","298","298","298","62.19090194702149","61.6192512512207","63.91135025024414","298","298","298","63.311859130859375","62.23334884643555","63.85118865966797","298","298","298","61.250119018554685","60.22136688232422","63.050148010253906","298","298","298","56.83603363037109","54.525970458984375","59.51500701904297"
"30000","299","299","299","62.07494964599609","61.60298156738281","63.79924392700195","299","299","299","63.24469833374023","62.306671142578125","63.67436218261719","299","299","299","61.53182754516602","60.46250534057617","63.615787506103516","299","299","299","56.67859573364258","53.571205139160156","59.99745178222656"